,baseMean,log2FoldChange,lfcSE,stat,pvalue,padj
ENSG00000003402,2546.614197,-1.190432416,0.120621217,-9.86917925,5.66E-23,4.81E-21
ENSG00000003987,25.50431871,-1.004804853,0.37265646,-2.696330165,0.007010814,0.034561106
ENSG00000004799,914.3790141,-2.644927284,0.628564617,-4.207884462,2.58E-05,0.000263147
ENSG00000004846,17.99916807,1.697835882,0.557865593,3.043449721,0.002338825,0.013794093
ENSG00000005471,33.66398824,1.120053429,0.357469028,3.133288034,0.001728597,0.010626361
ENSG00000006283,62.96025142,1.46690803,0.286728811,5.11601197,3.12E-07,4.68E-06
ENSG00000006788,10.25338008,-3.206851471,0.905077974,-3.543177011,0.000395337,0.002974191
ENSG00000007237,427.0132188,1.404850952,0.190099678,7.390075402,1.47E-13,5.17E-12
ENSG00000008256,3716.577382,-1.183401168,0.103230381,-11.46369076,2.01E-30,2.74E-28
ENSG00000008311,721.9420892,-1.095706245,0.107933419,-10.15168661,3.26E-24,3.10E-22
ENSG00000009413,7584.980977,-1.095560449,0.126065621,-8.690398206,3.61E-18,2.00E-16
ENSG00000011198,1159.403799,-1.125044857,0.176903618,-6.359648663,2.02E-10,4.83E-09
ENSG00000012048,221.1116043,1.21040432,0.170006643,7.119747216,1.08E-12,3.40E-11
ENSG00000013293,244.4973262,2.882906887,0.218489977,13.19468711,9.41E-40,1.93E-37
ENSG00000013297,3431.572643,1.774338802,0.172997913,10.25641739,1.11E-24,1.10E-22
ENSG00000015520,17.51282449,2.822846661,0.613510371,4.601139273,4.20E-06,5.11E-05
ENSG00000016391,92.11144138,2.007416433,0.263839921,7.608463596,2.77E-14,1.04E-12
ENSG00000017483,445.7874716,1.005592383,0.198509879,5.065704482,4.07E-07,5.97E-06
ENSG00000019186,14.08760493,4.325905907,0.857766868,5.043218697,4.58E-07,6.61E-06
ENSG00000020577,3105.005556,-1.203307976,0.092472011,-13.01267236,1.04E-38,2.03E-36
ENSG00000021645,35.95873209,-1.91054488,0.427639553,-4.467652416,7.91E-06,9.08E-05
ENSG00000023909,1927.71101,-1.222035054,0.117058861,-10.43949213,1.64E-25,1.75E-23
ENSG00000025423,169.2040982,1.992903759,0.242715101,8.210876661,2.20E-16,1.01E-14
ENSG00000025708,144.6965325,-1.231042026,0.199332494,-6.175822105,6.58E-10,1.49E-08
ENSG00000027075,80.80860564,-1.068891716,0.267525658,-3.995473647,6.46E-05,0.000597807
ENSG00000028277,34.4574837,2.090836218,0.374446522,5.583804615,2.35E-08,4.30E-07
ENSG00000035664,633.0429027,-1.683650605,0.161143176,-10.44816573,1.49E-25,1.60E-23
ENSG00000039537,22.95197177,-1.868005668,0.484906496,-3.852300772,0.000117013,0.001016069
ENSG00000040731,72.27000849,1.904760825,0.311360431,6.117543003,9.50E-10,2.10E-08
ENSG00000041353,59.9423684,1.545465929,0.36530118,4.230662296,2.33E-05,0.000241141
ENSG00000041515,10.13169666,-1.722236021,0.625195293,-2.754716872,0.005874294,0.02988228
ENSG00000046653,1090.458257,-2.396166953,0.190114389,-12.60381691,2.01E-36,3.55E-34
ENSG00000046889,33.85197649,1.048766533,0.400342199,2.61967521,0.008801355,0.041568233
ENSG00000048540,60.06521212,-1.395338813,0.27820752,-5.015460445,5.29E-07,7.55E-06
ENSG00000049246,196.0301106,2.207850011,0.268632237,8.218857248,2.05E-16,9.49E-15
ENSG00000049759,1212.988438,1.120779455,0.156629417,7.155612743,8.33E-13,2.66E-11
ENSG00000054938,93.3812374,1.511734933,0.279729786,5.404268712,6.51E-08,1.10E-06
ENSG00000055163,284.2322347,1.003104643,0.146443872,6.849754981,7.40E-12,2.07E-10
ENSG00000055813,22.00148081,1.378712336,0.485078947,2.842243198,0.00447973,0.023894548
ENSG00000056736,73.85878902,1.012166116,0.228118677,4.437015551,9.12E-06,0.00010343
ENSG00000057294,15.11242547,-1.969872391,0.610544681,-3.226418071,0.001253501,0.008106814
ENSG00000057657,212.5535675,-1.208347909,0.234419379,-5.154641723,2.54E-07,3.89E-06
ENSG00000060718,363.762294,-2.427342088,0.161719376,-15.00959348,6.35E-51,2.38E-48
ENSG00000061337,66.69149936,1.01463547,0.262239774,3.869113576,0.000109232,0.0009568
ENSG00000064201,16.97978376,1.620124322,0.485384559,3.33781595,0.000844397,0.005793731
ENSG00000064309,348.4708515,1.58925516,0.244803229,6.491969768,8.47E-11,2.10E-09
ENSG00000064692,42.20034914,1.512559703,0.356071627,4.247908537,2.16E-05,0.000224991
ENSG00000066468,28.70352722,2.146287826,0.460688606,4.658868917,3.18E-06,3.95E-05
ENSG00000067082,3242.409602,-1.089473144,0.130865614,-8.325129177,8.42E-17,4.08E-15
ENSG00000067798,705.2089409,-2.094412147,0.500964465,-4.180759902,2.91E-05,0.000291962
ENSG00000068383,1247.241852,-1.381124134,0.097043446,-14.23201858,5.80E-46,1.63E-43
ENSG00000068831,97.80861462,-2.019908114,0.266482542,-7.579889083,3.46E-14,1.28E-12
ENSG00000069431,849.1013717,-1.057120165,0.098684127,-10.71216006,8.93E-27,1.04E-24
ENSG00000069535,394.753429,-1.325361027,0.425676947,-3.11353724,0.001848592,0.011286997
ENSG00000070193,115.6349674,1.260089883,0.206450171,6.103602999,1.04E-09,2.28E-08
ENSG00000070388,5.957649385,-3.005853624,0.915820242,-3.282143684,0.001030211,0.006874941
ENSG00000070404,2128.114025,-1.815524355,0.113376797,-16.01319149,1.03E-57,5.32E-55
ENSG00000070808,23.58546942,2.313931776,0.46140203,5.015001286,5.30E-07,7.55E-06
ENSG00000070882,1106.505196,1.102765311,0.124501479,8.857447482,8.19E-19,4.85E-17
ENSG00000071282,3659.868843,-1.605270351,0.124653447,-12.87786567,6.00E-38,1.13E-35
ENSG00000072163,665.1519535,-1.360188264,0.175496123,-7.750531718,9.15E-15,3.66E-13
ENSG00000072571,36.62766049,-1.560162652,0.322592217,-4.836330725,1.32E-06,1.75E-05
ENSG00000072958,2129.434435,-1.085494469,0.097645752,-11.1166584,1.04E-28,1.38E-26
ENSG00000073756,71.61956764,1.372059656,0.364891986,3.760180296,0.000169791,0.001410463
ENSG00000074527,4090.856882,-1.004020928,0.164486077,-6.10398732,1.03E-09,2.28E-08
ENSG00000074590,412.6395467,-1.361070972,0.151333291,-8.993863573,2.39E-19,1.50E-17
ENSG00000074660,29.00846594,-1.300423213,0.360528174,-3.606994696,0.000309764,0.00240886
ENSG00000075213,714.2985494,1.20761549,0.135650201,8.902423136,5.46E-19,3.34E-17
ENSG00000075240,576.8394958,1.170473231,0.158971785,7.362773404,1.80E-13,6.30E-12
ENSG00000077063,329.8831723,1.048741607,0.139188968,7.534660416,4.90E-14,1.79E-12
ENSG00000077264,81.8112904,1.208959731,0.237957783,5.080563947,3.76E-07,5.58E-06
ENSG00000077616,36.84859062,1.045439152,0.358319769,2.917615054,0.003527195,0.019411423
ENSG00000077684,1570.63461,-1.200288211,0.100810887,-11.90633524,1.10E-32,1.65E-30
ENSG00000077943,468.384335,-1.180223843,0.17152518,-6.880761429,5.95E-12,1.69E-10
ENSG00000078053,358.6898863,-1.148765928,0.176114462,-6.522836994,6.90E-11,1.72E-09
ENSG00000078114,7.623248449,-2.754712323,0.992433646,-2.775714359,0.005508058,0.028339287
ENSG00000078725,30.25231972,1.142408667,0.438478102,2.605395031,0.009176839,0.042969928
ENSG00000079101,6.772570794,3.657526161,1.128942265,3.239781407,0.001196214,0.007778195
ENSG00000079257,1731.799469,1.082605222,0.171301473,6.31988273,2.62E-10,6.17E-09
ENSG00000079435,31.52084522,-1.113651532,0.390304751,-2.853287154,0.00432695,0.02316649
ENSG00000079462,58.31201117,1.036361677,0.254735946,4.068376266,4.73E-05,0.000453485
ENSG00000079691,1509.453092,-1.146897162,0.146797956,-7.812759767,5.59E-15,2.28E-13
ENSG00000079841,40.52929832,-1.17930709,0.391784946,-3.010087806,0.002611722,0.015111754
ENSG00000080031,30.19634448,1.107354382,0.431790497,2.564564041,0.010330551,0.047206664
ENSG00000081052,207.1346427,-1.912067775,0.191625628,-9.978142268,1.90E-23,1.69E-21
ENSG00000081320,1491.698345,-1.071848632,0.15885534,-6.747325157,1.51E-11,4.06E-10
ENSG00000081803,1171.26473,-1.326902151,0.152733196,-8.687712864,3.70E-18,2.04E-16
ENSG00000082126,22.21252386,-1.243318123,0.426184074,-2.917326573,0.003530459,0.019423454
ENSG00000083223,1486.907238,-1.108472521,0.117684381,-9.419028373,4.55E-21,3.36E-19
ENSG00000083290,1522.66485,-1.138177112,0.14240953,-7.992281948,1.32E-15,5.77E-14
ENSG00000084090,3609.485529,-1.249786197,0.131134399,-9.530574809,1.56E-21,1.20E-19
ENSG00000084674,202.1156613,-1.64653134,0.525411989,-3.13379096,0.001725637,0.01061541
ENSG00000084710,10.39589628,2.804325027,0.716026091,3.916512348,8.98E-05,0.00080254
ENSG00000085117,1911.072971,-1.219040425,0.159096704,-7.662260706,1.83E-14,6.99E-13
ENSG00000087448,907.6588514,-1.060611646,0.123576715,-8.582617252,9.27E-18,4.84E-16
ENSG00000088756,685.7232391,1.647440135,0.163430984,10.08034154,6.75E-24,6.27E-22
ENSG00000089041,96.75671444,1.985903097,0.260115377,7.63470089,2.26E-14,8.57E-13
ENSG00000090376,583.8944864,-1.029310546,0.158083003,-6.511203121,7.46E-11,1.85E-09
ENSG00000091262,123.7651139,1.066826328,0.208881508,5.107327772,3.27E-07,4.88E-06
ENSG00000091428,36.17792844,1.167438181,0.326445461,3.576212024,0.000348609,0.002672866
ENSG00000091831,34.65536789,1.171504311,0.346134964,3.384530406,0.000713001,0.005004619
ENSG00000092621,1231.102428,1.426808812,0.130650259,10.92082654,9.17E-28,1.15E-25
ENSG00000092853,27.27832806,1.136495351,0.367493338,3.092560416,0.001984378,0.012005489
ENSG00000092969,200.6454032,1.505482868,0.229164435,6.569443768,5.05E-11,1.28E-09
ENSG00000095585,21.11294088,2.556637631,0.555133709,4.605444764,4.12E-06,5.01E-05
ENSG00000095637,44.30538701,-1.897714379,0.31669221,-5.992298888,2.07E-09,4.40E-08
ENSG00000096060,2564.362227,-4.046624105,0.369771411,-10.94358293,7.13E-28,8.99E-26
ENSG00000097096,201.5850346,-1.305462406,0.184399243,-7.079543214,1.45E-12,4.48E-11
ENSG00000099194,785.211998,1.991973824,0.194780833,10.22674455,1.50E-24,1.46E-22
ENSG00000099204,848.5850609,-1.427258339,0.134717109,-10.59448465,3.16E-26,3.56E-24
ENSG00000099337,530.060485,-2.718277713,0.181277396,-14.99512773,7.90E-51,2.91E-48
ENSG00000099849,42.79515866,-1.230199422,0.309354092,-3.976670924,6.99E-05,0.000641804
ENSG00000099860,368.158032,-1.471036337,0.173532663,-8.476999728,2.31E-17,1.17E-15
ENSG00000099998,506.2447667,-2.380916913,0.189750743,-12.54760255,4.10E-36,7.08E-34
ENSG00000100033,55.36313692,-4.889608288,0.522367325,-9.360478829,7.94E-21,5.72E-19
ENSG00000100206,36.29868066,-1.933985023,0.349007449,-5.541386094,3.00E-08,5.38E-07
ENSG00000100242,2236.238321,-1.85904608,0.122956027,-15.11960108,1.20E-51,5.04E-49
ENSG00000100292,2399.38459,1.26825371,0.301926614,4.200536325,2.66E-05,0.000270914
ENSG00000100302,35.84491325,2.004381603,0.455178666,4.403505153,1.07E-05,0.00011891
ENSG00000100739,134.5357335,1.880831143,0.270231055,6.960085121,3.40E-12,1.00E-10
ENSG00000100767,208.8136005,-1.013071609,0.215080975,-4.710186983,2.47E-06,3.12E-05
ENSG00000100784,87.32382866,2.507191496,0.263627031,9.510373364,1.90E-21,1.45E-19
ENSG00000101255,284.1726195,1.111057838,0.156955493,7.078808229,1.45E-12,4.49E-11
ENSG00000101265,1645.917379,1.049336491,0.134113301,7.824253693,5.11E-15,2.09E-13
ENSG00000101342,42.90118685,-4.087218006,0.481152182,-8.49464713,1.99E-17,1.02E-15
ENSG00000101347,12703.38706,-3.766995432,0.15543799,-24.23471532,9.58E-130,4.32E-126
ENSG00000101447,161.4783721,-1.222655648,0.272617442,-4.484876827,7.30E-06,8.44E-05
ENSG00000101825,4767.149447,1.3237682,0.103195285,12.8277973,1.15E-37,2.13E-35
ENSG00000101938,196.0140295,-1.044537199,0.209419971,-4.987763069,6.11E-07,8.58E-06
ENSG00000102385,110.9994847,1.076962966,0.202128376,5.32811367,9.92E-08,1.62E-06
ENSG00000102466,664.6835729,-1.217252867,0.113833058,-10.69331608,1.09E-26,1.26E-24
ENSG00000102468,11.2002541,1.93727231,0.701496613,2.761627463,0.005751406,0.029356611
ENSG00000102524,64.04207782,1.708864358,0.259071198,6.59611865,4.22E-11,1.08E-09
ENSG00000102554,149.5529137,-2.482302814,0.242297003,-10.24487625,1.25E-24,1.22E-22
ENSG00000102575,34.58896682,1.443335935,0.353030487,4.088417255,4.34E-05,0.000419833
ENSG00000102760,1136.398534,-2.848963317,0.630806984,-4.516378847,6.29E-06,7.39E-05
ENSG00000102804,5397.336845,-1.201387994,0.079845954,-15.04632284,3.65E-51,1.40E-48
ENSG00000102935,36.14811784,1.15113452,0.336897244,3.416871292,0.000633452,0.004516637
ENSG00000102984,90.33362536,1.402282488,0.214141341,6.548396881,5.82E-11,1.47E-09
ENSG00000102996,165.3159424,-1.266058249,0.194096296,-6.522835687,6.90E-11,1.72E-09
ENSG00000103064,780.7657078,-1.401471644,0.157341484,-8.907197316,5.23E-19,3.21E-17
ENSG00000103175,250.4571744,-1.755973836,0.182842532,-9.603749291,7.71E-22,6.12E-20
ENSG00000103196,3082.069135,-2.631266756,0.179650211,-14.64661103,1.42E-48,4.72E-46
ENSG00000103257,403.7489844,1.265765416,0.375640358,3.369620409,0.000752718,0.005246604
ENSG00000103485,865.2054493,1.212154327,0.102434505,11.8334572,2.62E-32,3.84E-30
ENSG00000103647,544.4263273,1.329418236,0.164406015,8.086189768,6.16E-16,2.76E-14
ENSG00000103710,1054.928789,1.075979423,0.14946839,7.198708872,6.08E-13,1.97E-11
ENSG00000103742,370.8298226,2.197342478,0.152138396,14.44305009,2.77E-47,8.19E-45
ENSG00000104321,548.6921877,1.343997568,0.169102711,7.947817973,1.90E-15,8.09E-14
ENSG00000104894,23.7761043,1.178244971,0.40908829,2.880172814,0.003974572,0.021486303
ENSG00000104951,7.1021412,2.493129142,0.842949915,2.957624287,0.003100197,0.017450596
ENSG00000105088,53.27586373,1.393860486,0.312303524,4.463159654,8.08E-06,9.24E-05
ENSG00000105486,143.6067188,1.017461087,0.171182754,5.943712562,2.79E-09,5.80E-08
ENSG00000105499,123.1597148,1.031951941,0.190477397,5.417713381,6.04E-08,1.03E-06
ENSG00000105516,84.57498473,1.651851943,0.230098357,7.178894998,7.03E-13,2.26E-11
ENSG00000105711,101.3715005,1.289047966,0.214735745,6.002950132,1.94E-09,4.14E-08
ENSG00000105835,2640.341274,-1.050757992,0.151418569,-6.939426233,3.94E-12,1.15E-10
ENSG00000105889,230.6201306,-1.038558659,0.142278759,-7.299463856,2.89E-13,9.86E-12
ENSG00000105989,333.2146882,3.041840703,0.191370959,15.89499639,6.86E-57,3.44E-54
ENSG00000106003,16.42834786,2.691260565,0.588872721,4.570190584,4.87E-06,5.85E-05
ENSG00000106034,2427.54991,-1.056050329,0.128214996,-8.236558627,1.77E-16,8.23E-15
ENSG00000106123,2287.858341,-1.407229312,0.142387379,-9.88310425,4.93E-23,4.23E-21
ENSG00000106483,437.585149,1.106514272,0.223637852,4.947795109,7.51E-07,1.04E-05
ENSG00000106484,677.2132387,1.863765086,0.137305943,13.57381219,5.73E-42,1.32E-39
ENSG00000106617,1018.352987,-1.61669134,0.128622052,-12.56931696,3.11E-36,5.45E-34
ENSG00000106976,884.745883,1.756256441,0.099709267,17.61377347,1.93E-69,1.58E-66
ENSG00000107104,1276.714481,-1.16659816,0.152778473,-7.635880462,2.24E-14,8.51E-13
ENSG00000107338,118.3799051,1.008641553,0.187488325,5.379756608,7.46E-08,1.25E-06
ENSG00000107562,25136.30757,1.911669836,0.105748095,18.07758175,4.79E-73,4.54E-70
ENSG00000107611,41.08236974,1.537998168,0.321038735,4.790693454,1.66E-06,2.16E-05
ENSG00000107731,562.1420334,1.023616199,0.148424755,6.896532853,5.33E-12,1.53E-10
ENSG00000107796,2427.809962,-1.14310333,0.122103154,-9.361783803,7.84E-21,5.67E-19
ENSG00000107821,484.0777897,1.02939773,0.133740609,7.696972058,1.39E-14,5.43E-13
ENSG00000107968,536.6595567,-1.133023661,0.128264351,-8.833504031,1.01E-18,5.92E-17
ENSG00000108231,21.55346214,1.981274329,0.54687572,3.622896859,0.000291322,0.00228816
ENSG00000108387,19.07352177,-2.009359653,0.480373396,-4.182912025,2.88E-05,0.000289696
ENSG00000108602,7.425521977,2.556697359,0.828116532,3.08736423,0.0020194,0.012193548
ENSG00000108604,2178.071694,-1.24444008,0.13312319,-9.348033836,8.93E-21,6.41E-19
ENSG00000108684,7.445787861,2.816800071,0.952712453,2.956610949,0.003110403,0.017486191
ENSG00000108688,14.14016394,3.270935948,0.887709209,3.684693046,0.000228978,0.001842668
ENSG00000108700,15.02280736,4.045356632,0.812000455,4.981963506,6.29E-07,8.83E-06
ENSG00000108821,100990.6944,1.304946442,0.085475999,15.26681706,1.27E-52,5.59E-50
ENSG00000108830,158.263285,2.36349778,0.259026229,9.124550021,7.20E-20,4.79E-18
ENSG00000108924,56.26851939,-1.287986235,0.315981014,-4.076150713,4.58E-05,0.000440079
ENSG00000108950,1011.565048,-1.091112401,0.125707017,-8.679805031,3.96E-18,2.18E-16
ENSG00000108960,1723.117523,-1.686698208,0.308825855,-5.461648298,4.72E-08,8.19E-07
ENSG00000109265,81.46711463,1.281077557,0.235525329,5.439234762,5.35E-08,9.21E-07
ENSG00000109625,41.49764475,1.815002507,0.338892796,5.355683351,8.52E-08,1.41E-06
ENSG00000109674,47.91403231,1.427260835,0.315923781,4.517737895,6.25E-06,7.35E-05
ENSG00000109794,114.8547453,1.010333291,0.228154045,4.42829444,9.50E-06,0.000107095
ENSG00000109861,4058.013382,-1.018238923,0.08495138,-11.9861375,4.20E-33,6.47E-31
ENSG00000109881,67.04353407,1.339111111,0.255138693,5.24856147,1.53E-07,2.43E-06
ENSG00000109906,385.0710289,-7.352625809,0.536388709,-13.70764465,9.14E-43,2.26E-40
ENSG00000110203,19.06988917,1.425622467,0.449183135,3.173811204,0.001504515,0.00944542
ENSG00000110756,995.2515371,-1.576429402,0.134465301,-11.72368926,9.64E-32,1.37E-29
ENSG00000110900,262.8052753,1.465263742,0.141089529,10.38534721,2.89E-25,3.01E-23
ENSG00000111490,15.91004765,1.626564291,0.589237238,2.760457394,0.005772049,0.029428628
ENSG00000111728,193.4143956,1.527734814,0.174011666,8.779496517,1.64E-18,9.45E-17
ENSG00000111816,88.84072949,1.152170648,0.216484943,5.32217452,1.03E-07,1.67E-06
ENSG00000111846,40.07671699,-1.106974338,0.364130285,-3.040050174,0.002365387,0.013941626
ENSG00000111859,1772.545933,-1.62361704,0.169204036,-9.595616528,8.34E-22,6.59E-20
ENSG00000112137,44.37681143,1.050355782,0.298966768,3.513286074,0.000442601,0.003285859
ENSG00000112218,58.54611004,-1.411950144,0.279307734,-5.055177405,4.30E-07,6.26E-06
ENSG00000112715,1874.119675,1.258694591,0.183599965,6.85563634,7.10E-12,1.99E-10
ENSG00000112773,516.8007848,1.198053025,0.114054244,10.50423893,8.26E-26,8.96E-24
ENSG00000112837,2754.968128,1.833562445,0.127342051,14.39871928,5.27E-47,1.53E-44
ENSG00000112936,1960.694933,-3.204454265,0.425672766,-7.527975765,5.15E-14,1.87E-12
ENSG00000113361,2195.055019,1.2215064,0.147340279,8.290376607,1.13E-16,5.37E-15
ENSG00000113368,51.51749222,1.045753508,0.334120926,3.129865347,0.001748864,0.010739959
ENSG00000113578,184.8836424,-1.006839172,0.256392736,-3.926941092,8.60E-05,0.000771984
ENSG00000113739,17078.94245,-1.058455185,0.298094755,-3.550734008,0.000384158,0.002908305
ENSG00000114098,1010.293461,-1.346340039,0.112496191,-11.96787219,5.24E-33,7.99E-31
ENSG00000114115,20.01048131,1.569753234,0.534605525,2.936283221,0.003321709,0.01846814
ENSG00000114270,1546.906997,-1.233373278,0.103781224,-11.88435855,1.43E-32,2.11E-30
ENSG00000114670,184.343269,1.257316891,0.1622139,7.750981203,9.12E-15,3.66E-13
ENSG00000115419,3865.241394,-1.193537766,0.131316532,-9.08901378,9.99E-20,6.57E-18
ENSG00000115457,1919.148503,-2.214061254,0.180091164,-12.29411373,9.74E-35,1.66E-32
ENSG00000115468,11.25203222,-2.749039169,0.956468223,-2.874156299,0.004051084,0.021860568
ENSG00000115828,345.356448,-1.178187716,0.248893499,-4.733702257,2.20E-06,2.81E-05
ENSG00000116106,292.7361919,-1.123962625,0.262152781,-4.287433538,1.81E-05,0.000192025
ENSG00000116194,237.0441051,-1.941979264,0.220725384,-8.798169132,1.39E-18,8.06E-17
ENSG00000116285,3232.635437,-2.424512992,0.144277322,-16.80453277,2.26E-63,1.27E-60
ENSG00000116299,30.69852499,1.120275346,0.363617312,3.080918617,0.00206363,0.012423152
ENSG00000116584,2250.596949,1.015726158,0.089217317,11.3848543,4.98E-30,6.74E-28
ENSG00000116675,50.89913867,-2.227143058,0.335403096,-6.640198262,3.13E-11,8.14E-10
ENSG00000116690,24.92418788,-1.890905342,0.534816572,-3.535614715,0.000406828,0.003051973
ENSG00000116711,111.9699482,2.450760998,0.264983363,9.248735363,2.27E-20,1.58E-18
ENSG00000116962,9435.925614,-1.48121915,0.162599323,-9.109626805,8.27E-20,5.46E-18
ENSG00000116991,119.8552278,2.582342815,0.270003486,9.56410918,1.13E-21,8.87E-20
ENSG00000117152,104.839763,1.031240218,0.279760554,3.686153045,0.000227669,0.001834592
ENSG00000117461,215.5107519,1.70098529,0.183200491,9.284829292,1.62E-20,1.15E-18
ENSG00000117594,766.2505,-1.567926402,0.538577457,-2.911236596,0.003600013,0.019763874
ENSG00000117600,39.28772885,2.378195751,0.4287199,5.547201681,2.90E-08,5.22E-07
ENSG00000118257,1755.475334,-1.006950453,0.16951573,-5.940159373,2.85E-09,5.92E-08
ENSG00000118507,100.5004431,-1.028662827,0.207886859,-4.948185907,7.49E-07,1.04E-05
ENSG00000118523,11813.40748,-1.208176348,0.151610184,-7.96896567,1.60E-15,6.90E-14
ENSG00000118689,5165.486679,-1.260079168,0.125682112,-10.02592295,1.17E-23,1.07E-21
ENSG00000118997,96.41804293,1.060380401,0.245949505,4.311374412,1.62E-05,0.000173991
ENSG00000119138,1683.268208,-2.08291935,0.160522464,-12.97587449,1.68E-38,3.25E-36
ENSG00000119139,5029.851421,-1.927936864,0.122239411,-15.77181082,4.86E-56,2.31E-53
ENSG00000119508,216.6737418,-2.077731918,0.172915284,-12.01589513,2.93E-33,4.59E-31
ENSG00000119514,286.1135784,1.126678522,0.164703597,6.840643086,7.88E-12,2.19E-10
ENSG00000119703,28.79852921,1.238317448,0.369176204,3.354272118,0.000795741,0.005509769
ENSG00000119711,562.9815347,-1.204568739,0.164386854,-7.327646388,2.34E-13,8.10E-12
ENSG00000119714,54.81296339,2.832718395,0.412132319,6.873322631,6.27E-12,1.77E-10
ENSG00000120129,3409.029375,-2.947809864,0.12143769,-24.27425842,3.67E-130,2.20E-126
ENSG00000120149,161.9403371,1.023029995,0.188377828,5.430734623,5.61E-08,9.61E-07
ENSG00000120162,60.67079707,-2.711015111,0.311374372,-8.706609634,3.13E-18,1.74E-16
ENSG00000120549,51.48221593,1.115521288,0.314619896,3.545615849,0.000391697,0.002954204
ENSG00000120837,1841.388113,-1.03563705,0.100133196,-10.34259462,4.52E-25,4.60E-23
ENSG00000121621,31.7909396,1.613997937,0.400613852,4.028812102,5.61E-05,0.000526631
ENSG00000121858,247.3344111,1.03242701,0.157488449,6.555572924,5.54E-11,1.40E-09
ENSG00000122035,943.3405742,-2.288870596,0.144873255,-15.79912458,3.15E-56,1.54E-53
ENSG00000122679,10.35406911,3.77981064,0.988486458,3.823836541,0.000131391,0.001125192
ENSG00000122877,17.05258861,3.067041816,0.58371459,5.25435182,1.49E-07,2.36E-06
ENSG00000122966,288.894444,1.549194563,0.202932062,7.63405518,2.27E-14,8.59E-13
ENSG00000123358,180.6414003,-1.254702551,0.229196021,-5.474364455,4.39E-08,7.68E-07
ENSG00000123405,13.52877954,2.772626364,0.615499187,4.504679166,6.65E-06,7.77E-05
ENSG00000123562,5040.482678,-1.028074087,0.084891578,-12.1104367,9.30E-34,1.52E-31
ENSG00000123572,108.0279617,-1.204949684,0.32984091,-3.653123814,0.000259069,0.002056348
ENSG00000123610,322.7319878,2.570512063,0.442291195,5.811809267,6.18E-09,1.23E-07
ENSG00000123612,20.52057689,1.46303412,0.431071689,3.393946198,0.000688932,0.004859395
ENSG00000123685,42.35064755,-1.871992649,0.361260178,-5.181840577,2.20E-07,3.39E-06
ENSG00000123689,42.13510591,2.679300806,0.458182432,5.847672501,4.98E-09,1.00E-07
ENSG00000124134,26.08374836,2.953070025,0.500437954,5.900971348,3.61E-09,7.40E-08
ENSG00000124151,1569.910289,-1.35627623,0.143957487,-9.421366403,4.45E-21,3.30E-19
ENSG00000124225,142.6865053,1.071711487,0.195443942,5.483472539,4.17E-08,7.32E-07
ENSG00000124249,96.62655315,1.450566334,0.218642979,6.634406183,3.26E-11,8.44E-10
ENSG00000124374,25.56485732,-1.238814624,0.423913133,-2.922331313,0.003474218,0.019184325
ENSG00000124440,197.0436228,-2.529887056,0.174271008,-14.51697036,9.46E-48,2.89E-45
ENSG00000124466,19.92837944,1.357691623,0.450015982,3.016985346,0.002553022,0.014857992
ENSG00000124762,8020.528817,1.007978473,0.073117729,13.78569181,3.11E-43,7.89E-41
ENSG00000124766,1281.468658,2.411990129,0.140805798,17.12990636,8.88E-66,5.52E-63
ENSG00000125148,3656.252782,-2.210978556,0.105640781,-20.92921449,2.90E-97,5.81E-94
ENSG00000125398,566.475839,1.323626305,0.172553598,7.670812546,1.71E-14,6.58E-13
ENSG00000125657,13.31172873,1.855678969,0.567565875,3.269539361,0.001077227,0.007117523
ENSG00000125848,178.6544504,2.481551603,0.237997831,10.42678242,1.87E-25,1.98E-23
ENSG00000125965,244.3366482,1.292833171,0.237719198,5.438488696,5.37E-08,9.24E-07
ENSG00000126016,386.4151621,2.374282088,0.175174674,13.55379766,7.52E-42,1.72E-39
ENSG00000126785,672.6211556,1.215606432,0.137260248,8.856216185,8.28E-19,4.87E-17
ENSG00000126803,449.1768482,-2.458712576,0.164437635,-14.95224968,1.51E-50,5.43E-48
ENSG00000126860,22.32182884,1.474774047,0.43197049,3.414062025,0.00064002,0.004556255
ENSG00000126861,309.3061564,1.719947274,0.202867434,8.478183224,2.29E-17,1.16E-15
ENSG00000126878,93.26052686,2.669169714,0.254030264,10.50729023,8.00E-26,8.73E-24
ENSG00000126950,786.1160828,1.708079177,0.168802239,10.11881825,4.56E-24,4.30E-22
ENSG00000127083,304.4768108,-1.812913413,0.168421326,-10.7641559,5.08E-27,6.02E-25
ENSG00000127324,26.40574767,-4.374095248,0.626255595,-6.984520828,2.86E-12,8.47E-11
ENSG00000127561,40.65300413,-1.049500676,0.340795616,-3.07956038,0.002073063,0.012468356
ENSG00000127589,307.2666004,1.164547765,0.171627253,6.785331252,1.16E-11,3.16E-10
ENSG00000127824,228.7186319,1.561172031,0.157076386,9.938935279,2.82E-23,2.46E-21
ENSG00000127954,286.3841193,-5.207158422,0.493081792,-10.56043542,4.55E-26,5.06E-24
ENSG00000128045,124.2161065,-4.702756009,0.752176547,-6.252197074,4.05E-10,9.35E-09
ENSG00000128165,58.75241365,2.619430412,0.328913299,7.963893291,1.67E-15,7.15E-14
ENSG00000128262,161.6393147,-1.292560513,0.288699062,-4.47718986,7.56E-06,8.73E-05
ENSG00000128285,6.624741399,5.325903703,1.257814743,4.234251293,2.29E-05,0.000237869
ENSG00000128311,316.4092297,-1.2972712,0.137780719,-9.415477101,4.71E-21,3.46E-19
ENSG00000128342,153.1218497,2.607880088,0.271088226,9.620041885,6.58E-22,5.25E-20
ENSG00000128510,164.0454305,2.261349068,0.226039142,10.00423663,1.46E-23,1.32E-21
ENSG00000128594,19.00945003,1.672255605,0.486794649,3.43523826,0.000592033,0.00425329
ENSG00000128602,278.7097771,1.014414676,0.142283978,7.129507431,1.01E-12,3.18E-11
ENSG00000128606,1137.046343,2.409632119,0.311307143,7.740368871,9.91E-15,3.93E-13
ENSG00000128815,35.32740256,-1.113129477,0.416598569,-2.671947435,0.007541246,0.036783479
ENSG00000128917,68.50334198,-2.861822239,0.965972355,-2.962633686,0.003050193,0.017228333
ENSG00000128923,1415.678426,-1.038236981,0.085685724,-12.1168024,8.61E-34,1.42E-31
ENSG00000129048,1441.850311,1.453580764,0.308753434,4.707901529,2.50E-06,3.16E-05
ENSG00000129270,6.077603205,-2.190534682,0.858031657,-2.552976531,0.010680669,0.048535763
ENSG00000129467,105.7321783,1.666799768,0.252497943,6.601240985,4.08E-11,1.05E-09
ENSG00000129682,265.4904379,1.553909367,0.194558262,7.986858809,1.38E-15,6.00E-14
ENSG00000130032,46.23074724,2.095977715,0.473110045,4.430211826,9.41E-06,0.000106429
ENSG00000130066,4098.116706,-1.317478863,0.158713583,-8.300983703,1.03E-16,4.92E-15
ENSG00000130222,12.61106529,1.876854997,0.650831305,2.883781069,0.003929318,0.021324836
ENSG00000130487,7.000976385,2.676943062,1.022224912,2.618741756,0.008825473,0.041660302
ENSG00000130513,451.0047653,1.868533375,0.1385685,13.48454647,1.93E-41,4.24E-39
ENSG00000130592,19.94359245,1.838439448,0.536358983,3.427628705,0.000608878,0.004358664
ENSG00000130600,108.3096859,1.320148266,0.25779052,5.121011682,3.04E-07,4.57E-06
ENSG00000131242,31.70936723,2.189765321,0.379894132,5.764146207,8.21E-09,1.60E-07
ENSG00000131386,11496.48621,-1.615407858,0.151006997,-10.69756955,1.04E-26,1.21E-24
ENSG00000131389,740.4108031,2.124916146,0.145233369,14.63104627,1.78E-48,5.83E-46
ENSG00000131459,1022.484482,-1.228381845,0.185332775,-6.627979561,3.40E-11,8.80E-10
ENSG00000131730,20.03331172,1.226578996,0.434175159,2.825078701,0.0047269,0.024990989
ENSG00000131771,95.4197864,2.998606458,0.319477816,9.385961431,6.23E-21,4.53E-19
ENSG00000131831,1017.175972,-1.428473889,0.108727628,-13.13809486,1.99E-39,4.03E-37
ENSG00000131979,85.06941194,-1.599023597,0.23827924,-6.710713006,1.94E-11,5.15E-10
ENSG00000132170,516.1356727,-1.042661466,0.166805826,-6.250749702,4.08E-10,9.42E-09
ENSG00000132321,24.97104198,1.50514151,0.403732296,3.728068137,0.000192953,0.001582602
ENSG00000132326,92.56309424,1.243146808,0.296066474,4.198877335,2.68E-05,0.000272629
ENSG00000132334,80.14794323,-1.14564583,0.342320827,-3.346702103,0.00081779,0.005636935
ENSG00000132518,5.654654454,-5.88511379,1.324043919,-4.444802553,8.80E-06,0.000100006
ENSG00000132622,65.54923653,2.278483764,0.294289574,7.742319015,9.76E-15,3.88E-13
ENSG00000132854,6.009435293,3.026659809,1.060027298,2.855265912,0.004300081,0.023031765
ENSG00000132970,1322.81532,-1.107997657,0.111391369,-9.94688964,2.60E-23,2.29E-21
ENSG00000133069,144.0748338,1.032839655,0.17819912,5.795986294,6.79E-09,1.34E-07
ENSG00000133110,4035.483305,1.420505853,0.164731131,8.623177942,6.51E-18,3.48E-16
ENSG00000133142,3055.973848,-1.539090675,0.10365379,-14.84837817,7.13E-50,2.47E-47
ENSG00000133216,344.0561242,1.770699975,0.160961483,11.00076824,3.79E-28,4.81E-26
ENSG00000133401,90.813339,-1.159409754,0.270486149,-4.286392321,1.82E-05,0.000192813
ENSG00000133816,1756.170692,-1.057861466,0.132102037,-8.007911812,1.17E-15,5.14E-14
ENSG00000134070,46.66719948,1.072847904,0.294198641,3.646678649,0.000265652,0.00210027
ENSG00000134121,120.0159725,-1.400143297,0.231462389,-6.04911798,1.46E-09,3.16E-08
ENSG00000134243,5510.958256,-2.195711631,0.112007682,-19.60322362,1.45E-85,2.01E-82
ENSG00000134253,136.9215861,1.958393214,0.198390823,9.871390122,5.54E-23,4.73E-21
ENSG00000134259,45.12134161,1.290510172,0.339284501,3.803622528,0.000142595,0.001208506
ENSG00000134294,20597.35463,-1.205332367,0.152746391,-7.89106939,3.00E-15,1.25E-13
ENSG00000134363,2906.341053,1.807542788,0.130787598,13.8204449,1.92E-43,5.01E-41
ENSG00000134686,2737.981986,-1.387548864,0.091834241,-15.10927571,1.41E-51,5.63E-49
ENSG00000134762,301.7258557,-1.265125539,0.199989545,-6.325958395,2.52E-10,5.94E-09
ENSG00000135069,724.5881926,1.297614353,0.146507888,8.856958994,8.22E-19,4.86E-17
ENSG00000135362,111.7587093,-1.536700624,0.219218906,-7.009890959,2.39E-12,7.13E-11
ENSG00000135472,155.8384862,1.695509777,0.205008225,8.270447556,1.33E-16,6.29E-15
ENSG00000135480,178.1890829,-1.032864374,0.305111953,-3.385197999,0.000711269,0.004996355
ENSG00000135604,21.33248885,-2.392151037,0.484030715,-4.94214719,7.73E-07,1.06E-05
ENSG00000135678,856.4665525,-1.373941805,0.369553824,-3.717839506,0.000200934,0.001641172
ENSG00000135744,657.8355952,1.155835568,0.186557849,6.195587994,5.81E-10,1.32E-08
ENSG00000135821,19611.18218,-2.922764655,0.338213894,-8.641763994,5.54E-18,2.99E-16
ENSG00000135917,50.64224767,-1.308018773,0.324108614,-4.035742085,5.44E-05,0.000513466
ENSG00000136237,98.51955609,-2.649972682,0.363206824,-7.296043209,2.96E-13,1.01E-11
ENSG00000136267,8.39945251,3.118741386,0.916562854,3.40264868,0.00066736,0.004734055
ENSG00000136383,68.78624082,-2.788227857,0.453416675,-6.149372115,7.78E-10,1.75E-08
ENSG00000136436,3129.160742,-1.135326511,0.114545933,-9.911539285,3.71E-23,3.21E-21
ENSG00000136478,3701.528598,-1.465830774,0.093137632,-15.73832984,8.26E-56,3.82E-53
ENSG00000136546,4991.268371,-1.368688197,0.124356542,-11.00616158,3.57E-28,4.59E-26
ENSG00000136960,464.3117026,1.0750648,0.147267115,7.300100888,2.88E-13,9.83E-12
ENSG00000136999,435.7127167,2.552480793,0.182762156,13.96613415,2.51E-44,6.85E-42
ENSG00000137203,64.55562948,1.118992768,0.308404768,3.62832512,0.000285266,0.002243527
ENSG00000137265,235.4546106,-1.063262392,0.262180687,-4.055456583,5.00E-05,0.000476007
ENSG00000137266,141.4258081,1.370783961,0.191145052,7.171433158,7.42E-13,2.38E-11
ENSG00000137331,136.2531619,1.297672397,0.216583045,5.991569632,2.08E-09,4.41E-08
ENSG00000137393,158.2849498,-2.124856634,0.234171073,-9.073950116,1.15E-19,7.47E-18
ENSG00000137642,14.75170049,1.563066172,0.614136695,2.54514375,0.010923276,0.049413906
ENSG00000137672,655.4494368,-1.954307268,0.149999816,-13.0287311,8.40E-39,1.66E-36
ENSG00000137673,5.102938499,-4.733985301,1.327488989,-3.566120202,0.000362305,0.002769629
ENSG00000137767,879.7873467,-1.033546001,0.114984353,-8.988579502,2.50E-19,1.57E-17
ENSG00000137801,90563.51482,-1.887537732,0.288742854,-6.537088981,6.27E-11,1.58E-09
ENSG00000137809,1115.800033,1.721073765,0.137169389,12.54706879,4.12E-36,7.08E-34
ENSG00000137869,63.24988992,-1.209932289,0.312478466,-3.87205014,0.000107924,0.000947185
ENSG00000137872,288.7724143,1.371894448,0.218050269,6.291642987,3.14E-10,7.32E-09
ENSG00000137880,101.9629624,-1.326355099,0.212207213,-6.25028283,4.10E-10,9.44E-09
ENSG00000137959,102.244984,-1.868552564,0.310916063,-6.00982962,1.86E-09,3.98E-08
ENSG00000137960,19.6684873,-1.540368001,0.462938568,-3.327370212,0.000876698,0.005971405
ENSG00000137962,4500.606952,-1.155718888,0.117332433,-9.849952439,6.86E-23,5.72E-21
ENSG00000138073,1697.491981,-1.101372415,0.105993936,-10.39090021,2.73E-25,2.86E-23
ENSG00000138074,435.9425928,-1.207280339,0.133649013,-9.033215502,1.67E-19,1.07E-17
ENSG00000138135,37.84008889,1.673820185,0.367671377,4.552489773,5.30E-06,6.32E-05
ENSG00000138166,402.1729843,-1.232078661,0.150703734,-8.175501883,2.95E-16,1.34E-14
ENSG00000138311,109.6555687,1.027958867,0.235716329,4.360999821,1.29E-05,0.000141383
ENSG00000138316,799.5685841,2.50719276,0.169059459,14.83024238,9.34E-50,3.18E-47
ENSG00000138356,4456.812453,-1.554312748,0.289603959,-5.367028666,8.00E-08,1.33E-06
ENSG00000138379,135.4599668,-1.211704257,0.316396537,-3.829701386,0.000128299,0.001102905
ENSG00000138483,4.870423768,-3.703396481,1.150892239,-3.217848165,0.001291562,0.008308232
ENSG00000138615,840.3805519,-1.348131353,0.168555199,-7.998159416,1.26E-15,5.51E-14
ENSG00000138669,239.2210634,1.702254998,0.215819426,7.887403977,3.09E-15,1.28E-13
ENSG00000138678,118.0698544,-1.175059292,0.208216353,-5.643453438,1.67E-08,3.12E-07
ENSG00000138735,6850.269517,1.178827884,0.090925708,12.96473689,1.94E-38,3.72E-36
ENSG00000138829,15701.27529,-1.919322577,0.163134309,-11.76529073,5.89E-32,8.49E-30
ENSG00000138944,242.9495968,1.586667333,0.237979578,6.667241556,2.61E-11,6.83E-10
ENSG00000139055,17.4971129,-1.952305705,0.526061966,-3.711170604,0.000206303,0.001679696
ENSG00000139132,1223.466141,-2.228902982,0.112839437,-19.75287216,7.58E-87,1.24E-83
ENSG00000139220,64.42871702,-1.01879389,0.291780178,-3.491648735,0.000480049,0.003528978
ENSG00000139269,16.80659949,1.832172624,0.489385825,3.743820374,0.000181243,0.001496627
ENSG00000139292,4.832417519,-3.208151714,1.249186308,-2.568193145,0.010223018,0.046857882
ENSG00000139354,124.2485956,1.13490013,0.216569365,5.240353968,1.60E-07,2.53E-06
ENSG00000140022,256.2311063,1.051803993,0.188680105,5.574535761,2.48E-08,4.52E-07
ENSG00000140105,2493.985111,1.305363572,0.136599797,9.556116486,1.22E-21,9.50E-20
ENSG00000140511,146.4488739,-1.490940735,0.277826345,-5.366448357,8.03E-08,1.33E-06
ENSG00000140545,9199.626731,-1.111074302,0.098213216,-11.3128797,1.13E-29,1.52E-27
ENSG00000140600,11.20528052,2.932680515,0.718382744,4.082337081,4.46E-05,0.000430281
ENSG00000140807,96.22066543,-2.428244089,0.251066852,-9.671703239,3.98E-22,3.23E-20
ENSG00000141150,151.0819353,-1.562392193,0.194198925,-8.045318429,8.60E-16,3.80E-14
ENSG00000141298,2049.475445,-1.232979937,0.171049667,-7.208315327,5.66E-13,1.85E-11
ENSG00000141401,627.527233,-2.326868076,0.160804044,-14.47020868,1.87E-47,5.61E-45
ENSG00000141431,29.99825792,1.489581524,0.399561236,3.728043136,0.000192972,0.001582602
ENSG00000141469,53.43652836,4.124796479,1.129798698,3.650912756,0.00026131,0.002072308
ENSG00000142149,38.40404541,1.453189511,0.37035939,3.923728006,8.72E-05,0.000781191
ENSG00000142632,83.57576596,-1.016959961,0.238271487,-4.268072416,1.97E-05,0.00020739
ENSG00000142871,5220.286458,-1.740411153,0.304188169,-5.721495217,1.06E-08,2.02E-07
ENSG00000143028,99.6466817,-1.219814938,0.23410875,-5.210462814,1.88E-07,2.95E-06
ENSG00000143127,265.8138546,-3.8186991,0.446267582,-8.556971759,1.16E-17,6.02E-16
ENSG00000143196,1710.278142,-1.050091303,0.152962108,-6.865042033,6.65E-12,1.87E-10
ENSG00000143226,21.56872679,1.214541521,0.420217563,2.890268345,0.003849131,0.020946434
ENSG00000143320,1492.125566,1.636665768,0.140235514,11.67083661,1.80E-31,2.51E-29
ENSG00000143344,1077.627002,1.075015492,0.129433941,8.305514622,9.94E-17,4.76E-15
ENSG00000143494,18.96092266,3.947971419,0.652935747,6.046492994,1.48E-09,3.21E-08
ENSG00000143507,318.9489516,1.184929658,0.133546821,8.872765746,7.14E-19,4.29E-17
ENSG00000143786,77.77657599,1.519536817,0.23479987,6.471625457,9.70E-11,2.38E-09
ENSG00000143869,99.09382556,-1.870954085,0.28526331,-6.558691641,5.43E-11,1.38E-09
ENSG00000143878,3314.351306,-1.212570091,0.15242553,-7.955164028,1.79E-15,7.66E-14
ENSG00000143891,528.3911975,1.116915295,0.113237013,9.863517819,5.99E-23,5.04E-21
ENSG00000144063,93.08790826,1.053254117,0.252258525,4.175296421,2.98E-05,0.000298061
ENSG00000144362,62.37462277,-1.370241415,0.317837341,-4.311140443,1.62E-05,0.000173991
ENSG00000144369,1303.272745,1.348050911,0.115316828,11.68997561,1.43E-31,2.02E-29
ENSG00000144644,13.80560771,1.838324228,0.69789061,2.634115151,0.008435687,0.040146385
ENSG00000144648,25.41791741,-1.782227247,0.532701952,-3.345636785,0.000820939,0.005654308
ENSG00000144810,3433.610795,-1.03065082,0.149384367,-6.899321777,5.23E-12,1.50E-10
ENSG00000145242,26.32208658,1.443465135,0.41907551,3.444403458,0.000572321,0.004121535
ENSG00000145244,167.0136171,-1.927228674,0.19808929,-9.729090731,2.27E-22,1.85E-20
ENSG00000145362,1979.794862,1.016838373,0.140870411,7.218253777,5.27E-13,1.72E-11
ENSG00000145390,8442.05372,-2.147508444,0.16142402,-13.30352473,2.21E-40,4.63E-38
ENSG00000145423,53.72465833,1.465940745,0.334800116,4.378555073,1.19E-05,0.000131657
ENSG00000145506,157.5050164,-1.44231271,0.204504244,-7.052727521,1.75E-12,5.38E-11
ENSG00000145569,20.53347628,-2.229327135,0.547858895,-4.069162984,4.72E-05,0.000452564
ENSG00000145632,523.6775331,1.021143681,0.116833389,8.740170034,2.33E-18,1.31E-16
ENSG00000145675,3495.18501,-1.544610813,0.157562102,-9.803187397,1.09E-22,9.02E-21
ENSG00000145685,2018.163688,1.239943636,0.082042023,15.11351847,1.32E-51,5.40E-49
ENSG00000145777,152.3725442,2.782610001,0.232981562,11.9434773,7.02E-33,1.06E-30
ENSG00000145911,65.42931365,1.374740125,0.271286052,5.067492839,4.03E-07,5.93E-06
ENSG00000146006,46.80759655,4.211850803,0.528851581,7.964145241,1.66E-15,7.15E-14
ENSG00000146122,1942.414434,-1.681436951,0.128926345,-13.04184145,7.07E-39,1.42E-36
ENSG00000146250,313.6899778,2.756242784,0.154888457,17.79501734,7.72E-71,6.63E-68
ENSG00000146373,818.9875638,-1.081818432,0.126260625,-8.568137761,1.05E-17,5.48E-16
ENSG00000146592,669.4012931,2.046653595,0.184209957,11.11043956,1.12E-28,1.47E-26
ENSG00000146950,64.84788888,-1.014209614,0.37278154,-2.720654071,0.00651529,0.032491836
ENSG00000147027,12593.32959,-1.164749522,0.087341182,-13.33562808,1.44E-40,3.04E-38
ENSG00000147041,11.12409912,2.029480495,0.733893336,2.765361661,0.005685972,0.029096801
ENSG00000147119,453.2327463,-1.532429812,0.178215356,-8.59875293,8.06E-18,4.26E-16
ENSG00000147234,31.34210737,1.178787318,0.4185979,2.816037346,0.004862001,0.025551623
ENSG00000147576,242.9635841,-1.444176733,0.167064495,-8.644426417,5.41E-18,2.93E-16
ENSG00000147655,151.372682,1.339916463,0.226512549,5.915418242,3.31E-09,6.84E-08
ENSG00000147883,517.0306215,1.427464014,0.166164438,8.590670952,8.65E-18,4.54E-16
ENSG00000148120,743.999875,-1.104120844,0.104910235,-10.52443398,6.67E-26,7.37E-24
ENSG00000148175,11193.71877,-1.447873824,0.08434155,-17.16679174,4.71E-66,3.03E-63
ENSG00000148541,91.20607633,1.447255619,0.263541683,5.491562479,3.98E-08,7.02E-07
ENSG00000148677,5.285418944,-3.423967815,1.182170338,-2.896340489,0.003775425,0.020607577
ENSG00000148848,1365.173986,1.814543145,0.100483649,18.05809369,6.81E-73,6.14E-70
ENSG00000149218,2027.185731,-1.926430978,0.140256158,-13.7350902,6.26E-43,1.57E-40
ENSG00000149256,648.7552026,1.384429961,0.202304167,6.84330918,7.74E-12,2.15E-10
ENSG00000149403,45.05987042,2.178813728,0.3456016,6.304408683,2.89E-10,6.78E-09
ENSG00000149488,60.02681343,-1.130134353,0.28031829,-4.031611182,5.54E-05,0.000521484
ENSG00000149591,7792.464329,-1.26795113,0.151615385,-8.362945052,6.12E-17,3.00E-15
ENSG00000149596,34.57585361,-1.072536485,0.405385721,-2.645718461,0.008151763,0.039073814
ENSG00000149633,241.8966735,1.467902172,0.17632733,8.324870392,8.44E-17,4.08E-15
ENSG00000150594,41.6521887,2.104252572,0.41919461,5.019751022,5.17E-07,7.40E-06
ENSG00000150636,73.7826528,1.079430701,0.26804289,4.02708201,5.65E-05,0.000530243
ENSG00000150907,678.868175,-2.227845028,0.164891666,-13.51096201,1.35E-41,3.00E-39
ENSG00000150938,10974.78977,-1.050384837,0.136580055,-7.690616609,1.46E-14,5.69E-13
ENSG00000151012,782.3383908,1.14134612,0.139506664,8.181301808,2.81E-16,1.28E-14
ENSG00000151690,939.0784554,-1.019588422,0.11683411,-8.726804398,2.62E-18,1.47E-16
ENSG00000151726,1460.178003,-1.602490234,0.118381204,-13.53669483,9.50E-42,2.14E-39
ENSG00000152268,1597.838922,-1.912956949,0.131071765,-14.59472951,3.03E-48,9.76E-46
ENSG00000152402,74.90692263,1.008513184,0.251419299,4.011279907,6.04E-05,0.000563207
ENSG00000152463,7.533132626,-3.940885796,0.986604339,-3.994393336,6.49E-05,0.000600231
ENSG00000152495,69.11227897,1.323346886,0.24541742,5.392228831,6.96E-08,1.17E-06
ENSG00000152580,5992.504557,1.155701836,0.1124465,10.27779286,8.87E-25,8.88E-23
ENSG00000152583,997.4397732,-4.574918738,0.184056092,-24.85611145,2.22E-136,4.00E-132
ENSG00000152779,45.68033529,-4.124416305,0.457312359,-9.018816629,1.90E-19,1.21E-17
ENSG00000153207,1843.640207,-1.229720834,0.189693285,-6.48267984,9.01E-11,2.22E-09
ENSG00000153208,80.20010963,1.235220718,0.240130548,5.14395494,2.69E-07,4.11E-06
ENSG00000153904,3072.529243,-1.246630796,0.152543424,-8.172301123,3.03E-16,1.37E-14
ENSG00000154127,416.1800033,-1.059570463,0.171838032,-6.166099863,7.00E-10,1.58E-08
ENSG00000154262,2397.118091,-1.017966684,0.11218301,-9.074160899,1.15E-19,7.47E-18
ENSG00000154263,153.5580876,1.486260581,0.222456607,6.68112581,2.37E-11,6.26E-10
ENSG00000154310,763.3601617,1.142098559,0.143856058,7.939175988,2.04E-15,8.63E-14
ENSG00000154479,32.6945202,-1.038863698,0.383020121,-2.712295361,0.006681902,0.033222705
ENSG00000154734,30315.13547,-2.345603683,0.115808059,-20.25423541,3.26E-91,5.87E-88
ENSG00000154736,3780.484651,-2.292765958,0.489156522,-4.687182639,2.77E-06,3.47E-05
ENSG00000154856,1452.384551,-1.599639463,0.426598814,-3.749751312,0.00017701,0.001466375
ENSG00000154864,153.2347937,2.567426108,0.230206805,11.15269426,6.95E-29,9.27E-27
ENSG00000154930,670.0467035,-1.898529924,0.108680979,-17.4688335,2.48E-68,1.94E-65
ENSG00000155011,12.10721143,1.512152572,0.581724706,2.599429863,0.009337876,0.043554193
ENSG00000155130,5654.056964,1.191692996,0.101308478,11.76301348,6.05E-32,8.66E-30
ENSG00000155324,535.8907738,-1.232290623,0.156255364,-7.886389241,3.11E-15,1.29E-13
ENSG00000155849,22.56808532,-1.418449858,0.448976433,-3.159296914,0.001581503,0.009843011
ENSG00000155897,24.28867252,4.025060497,0.729936477,5.514261342,3.50E-08,6.25E-07
ENSG00000155962,402.9330784,1.255296171,0.151689867,8.275412156,1.28E-16,6.07E-15
ENSG00000156453,14.74886057,1.844399618,0.642845748,2.869116928,0.004116196,0.022172084
ENSG00000156675,1631.877858,-1.547251882,0.109445841,-14.1371464,2.24E-45,6.21E-43
ENSG00000156804,3746.763566,-1.086373708,0.289311557,-3.755030452,0.00017332,0.001438456
ENSG00000157150,167.6155057,-2.945320212,0.197284113,-14.92933299,2.12E-50,7.50E-48
ENSG00000157152,49.94890876,-3.462425525,0.409624857,-8.452674357,2.85E-17,1.42E-15
ENSG00000157168,57.89870929,1.619444144,0.307431527,5.267658002,1.38E-07,2.21E-06
ENSG00000157214,3009.263223,-1.976772519,0.089982324,-21.96845361,5.77E-107,1.49E-103
ENSG00000157368,52.06966534,2.271706652,0.3709963,6.123259594,9.17E-10,2.03E-08
ENSG00000157502,5.897409702,-3.042966576,1.028911866,-2.957460864,0.003101841,0.017454396
ENSG00000157510,487.9993133,-1.721386618,0.208708589,-8.247799599,1.61E-16,7.57E-15
ENSG00000157514,2205.705792,-3.190172961,0.338845685,-9.414825408,4.74E-21,3.47E-19
ENSG00000157601,199.2763311,1.00535695,0.225650075,4.455380531,8.37E-06,9.56E-05
ENSG00000157617,961.8329242,-1.095001234,0.156136255,-7.013113211,2.33E-12,6.99E-11
ENSG00000158125,23.17122634,-1.393315523,0.422275075,-3.299544784,0.000968418,0.006520535
ENSG00000158246,70.30280275,-2.352307407,0.268844288,-8.749702024,2.14E-18,1.22E-16
ENSG00000158716,158.9794977,-1.319916076,0.173564728,-7.604748342,2.85E-14,1.07E-12
ENSG00000158806,34.16397218,1.121685125,0.373804565,3.000726126,0.002693367,0.015519375
ENSG00000158813,81.94262683,-1.481607445,0.259783552,-5.703238086,1.18E-08,2.23E-07
ENSG00000159023,342.1052248,1.03352344,0.145457607,7.1053241,1.20E-12,3.76E-11
ENSG00000159167,924.3249692,-1.969324484,0.352021208,-5.594334774,2.21E-08,4.07E-07
ENSG00000159200,2858.622732,-1.431199976,0.441962343,-3.238284886,0.001202507,0.007813475
ENSG00000159212,757.3518715,-1.043713819,0.113727807,-9.177296657,4.42E-20,2.99E-18
ENSG00000159713,14.11864307,1.550201876,0.519717406,2.982778443,0.002856447,0.01633271
ENSG00000160097,14.65111014,1.702480691,0.532974412,3.194300985,0.001401699,0.008914865
ENSG00000160145,42.1562497,1.629266209,0.33098763,4.922438361,8.55E-07,1.17E-05
ENSG00000160200,834.066631,-1.242773226,0.102200228,-12.16018056,5.06E-34,8.53E-32
ENSG00000160223,16.54379012,1.622483291,0.50406902,3.218772085,0.001287408,0.008285925
ENSG00000160460,175.8044736,1.078079278,0.184636695,5.838922112,5.25E-09,1.05E-07
ENSG00000161267,64.14397882,-1.453322009,0.280723068,-5.177066553,2.25E-07,3.47E-06
ENSG00000161381,489.5737076,1.320120746,0.20807296,6.344508902,2.23E-10,5.30E-09
ENSG00000161513,595.6834729,1.005260057,0.138981748,7.233036523,4.72E-13,1.56E-11
ENSG00000161647,166.3415181,-1.567145548,0.182071272,-8.607319182,7.48E-18,3.96E-16
ENSG00000162267,7.854297438,-3.463451944,1.07450899,-3.223288011,0.001267281,0.008181248
ENSG00000162407,25853.66202,1.001459941,0.078262773,12.79612137,1.72E-37,3.17E-35
ENSG00000162426,168.5971158,-1.290691018,0.167398291,-7.710299833,1.26E-14,4.92E-13
ENSG00000162493,1099.625866,-1.891217015,0.095779593,-19.74551108,8.77E-87,1.32E-83
ENSG00000162496,3691.999701,-1.08715601,0.101706443,-10.68915577,1.14E-26,1.31E-24
ENSG00000162595,61.97859268,1.191021312,0.302502649,3.937226054,8.24E-05,0.000743944
ENSG00000162614,5393.101683,-2.035664917,0.094182307,-21.61409055,1.32E-103,2.98E-100
ENSG00000162616,1467.635827,-1.519118067,0.087956537,-17.27123562,7.75E-67,5.17E-64
ENSG00000162630,42.647126,-2.894290026,0.420678333,-6.880054896,5.98E-12,1.69E-10
ENSG00000162631,19.10354929,1.311295437,0.500734026,2.618746418,0.008825353,0.041660302
ENSG00000162643,89.06567585,1.62021384,0.230041197,7.043146442,1.88E-12,5.72E-11
ENSG00000162692,508.1702324,3.692660581,0.190185898,19.41605879,5.65E-84,6.78E-81
ENSG00000162745,167.2817941,1.033358498,0.267963052,3.856346955,0.000115094,0.001001819
ENSG00000162772,373.5117952,-1.919137637,0.159027575,-12.06795513,1.56E-33,2.49E-31
ENSG00000162817,646.0705773,-1.149743424,0.213786455,-5.37799938,7.53E-08,1.26E-06
ENSG00000162878,1588.440341,-1.558096672,0.170179164,-9.155625364,5.40E-20,3.62E-18
ENSG00000162894,22.44538099,-1.509901175,0.534927884,-2.822625668,0.004763215,0.025131364
ENSG00000162998,89.40436831,-1.635724867,0.294359242,-5.556899979,2.75E-08,4.97E-07
ENSG00000163017,1159.27662,-1.630096001,0.354394178,-4.59966924,4.23E-06,5.14E-05
ENSG00000163083,418.9214766,-3.449985586,0.208810171,-16.52211468,2.54E-61,1.39E-58
ENSG00000163110,1314.184325,-1.605456475,0.123921627,-12.95541803,2.19E-38,4.15E-36
ENSG00000163171,1357.571541,-1.505628315,0.10330874,-14.57406521,4.11E-48,1.28E-45
ENSG00000163251,54.25825787,-2.39757478,0.381499349,-6.284610418,3.29E-10,7.64E-09
ENSG00000163378,1805.28931,-1.261851284,0.092437733,-13.65082461,2.00E-42,4.80E-40
ENSG00000163394,1216.602065,2.188504178,0.125426994,17.44843037,3.54E-68,2.66E-65
ENSG00000163431,4934.730102,-1.163509482,0.091721474,-12.68524625,7.14E-37,1.27E-34
ENSG00000163485,45.74943045,1.582760692,0.394109244,4.016045593,5.92E-05,0.000553089
ENSG00000163491,160.225059,2.496138525,0.229802783,10.86209008,1.75E-27,2.13E-25
ENSG00000163513,13216.6476,-1.458381805,0.11468721,-12.71616781,4.81E-37,8.75E-35
ENSG00000163661,8565.701164,-2.260266821,0.130784243,-17.28240938,6.38E-67,4.42E-64
ENSG00000163697,2266.274502,-1.080330157,0.104066323,-10.38116969,3.02E-25,3.11E-23
ENSG00000163803,102.8247454,-1.417477523,0.257856028,-5.497166519,3.86E-08,6.82E-07
ENSG00000163823,10.45768273,1.673796927,0.643062447,2.602852855,0.009245162,0.043230153
ENSG00000163884,561.1071661,-4.459128209,0.234863688,-18.98602655,2.23E-80,2.51E-77
ENSG00000164070,591.684378,1.32193874,0.129522434,10.20625311,1.86E-24,1.79E-22
ENSG00000164104,1065.180567,-1.241161727,0.161811787,-7.670403665,1.71E-14,6.59E-13
ENSG00000164105,538.510216,-1.228687717,0.167239927,-7.346856318,2.03E-13,7.04E-12
ENSG00000164106,26.2833216,-1.529187831,0.401392506,-3.809706973,0.000139132,0.001182487
ENSG00000164122,19.15610758,-2.101556203,0.538947632,-3.899369951,9.64E-05,0.000854754
ENSG00000164125,5596.349667,-1.12466101,0.093441889,-12.03594049,2.30E-33,3.64E-31
ENSG00000164142,6.905778675,-2.277925478,0.808053295,-2.819028759,0.00481692,0.025370146
ENSG00000164171,845.190342,1.016009007,0.140247679,7.244390875,4.34E-13,1.44E-11
ENSG00000164292,14399.5506,-1.047128872,0.101400339,-10.32668019,5.34E-25,5.40E-23
ENSG00000164330,884.9262834,-1.109809123,0.139968095,-7.929014972,2.21E-15,9.33E-14
ENSG00000164442,7510.525872,-1.549826481,0.131674055,-11.77017356,5.56E-32,8.08E-30
ENSG00000164483,12.55850631,1.420208341,0.557808263,2.546051097,0.010894924,0.049345506
ENSG00000164484,816.7940976,1.206391042,0.120478731,10.01331136,1.33E-23,1.21E-21
ENSG00000164509,48.70260236,1.230330751,0.31298713,3.930930811,8.46E-05,0.000760419
ENSG00000164530,108.7908595,1.564797527,0.297214218,5.264881128,1.40E-07,2.23E-06
ENSG00000164619,553.2699266,1.532099915,0.177577739,8.627770164,6.26E-18,3.35E-16
ENSG00000164647,1920.71013,-1.567394059,0.10938823,-14.32872677,1.45E-46,4.14E-44
ENSG00000164742,353.7994783,2.588978369,0.249325312,10.38393716,2.93E-25,3.04E-23
ENSG00000164761,7614.376727,1.631816131,0.282539891,5.775524753,7.67E-09,1.50E-07
ENSG00000164929,57.21454392,1.376793165,0.281746699,4.886634598,1.03E-06,1.38E-05
ENSG00000165030,1429.948441,-1.119122147,0.154446355,-7.246024981,4.29E-13,1.43E-11
ENSG00000165072,641.0826581,-2.689811755,0.442735168,-6.075441817,1.24E-09,2.70E-08
ENSG00000165105,33.63452377,1.955101878,0.413865781,4.723999833,2.31E-06,2.94E-05
ENSG00000165125,29.86107288,-1.696269804,0.385622503,-4.398783237,1.09E-05,0.000121226
ENSG00000165244,42.82568108,-1.19271864,0.307900369,-3.873716172,0.000107188,0.000941188
ENSG00000165272,138.5731859,2.919655928,0.299190151,9.758529552,1.70E-22,1.40E-20
ENSG00000165388,13.18839892,2.462294781,0.737741838,3.337610333,0.000845022,0.005795813
ENSG00000165495,15.35483952,2.251895049,0.569939841,3.951110081,7.78E-05,0.000707527
ENSG00000165507,18353.57459,-1.553393311,0.143540084,-10.8220176,2.71E-27,3.27E-25
ENSG00000165644,74.73894261,-1.034691241,0.234694485,-4.408673013,1.04E-05,0.000116396
ENSG00000165891,39.98697857,1.580640821,0.35793589,4.415988629,1.01E-05,0.000112949
ENSG00000165895,108.5359962,1.382723118,0.275001499,5.028056652,4.95E-07,7.11E-06
ENSG00000165899,27.85187594,-1.836232943,0.428624939,-4.28400864,1.84E-05,0.000194662
ENSG00000165929,31.87515462,-1.149461314,0.379814766,-3.026373425,0.002475064,0.014474426
ENSG00000165995,495.0929067,-3.291061764,0.133173696,-24.71255109,7.84E-135,7.06E-131
ENSG00000166260,774.2191268,-1.017323752,0.183211154,-5.552739162,2.81E-08,5.07E-07
ENSG00000166292,38.51724328,-1.335770339,0.404644949,-3.301092333,0.000963092,0.006491952
ENSG00000166473,146.3222219,1.48763969,0.255176336,5.82984972,5.55E-09,1.11E-07
ENSG00000166510,129.7033618,-1.156477937,0.266899658,-4.333006434,1.47E-05,0.00015879
ENSG00000166592,105.6224827,1.496460221,0.206671684,7.240760759,4.46E-13,1.47E-11
ENSG00000166670,7.569856256,3.087943132,0.9185222,3.361860095,0.000774193,0.005379644
ENSG00000166741,7432.936352,-2.187373188,0.134467867,-16.266884,1.70E-59,8.99E-57
ENSG00000166762,15.02546447,1.681243798,0.521679363,3.222753128,0.001269649,0.008193603
ENSG00000166793,139.2590136,1.2418983,0.187128025,6.636623761,3.21E-11,8.33E-10
ENSG00000166825,4198.98449,-1.062690529,0.114915469,-9.247584681,2.30E-20,1.59E-18
ENSG00000166979,130.5912101,-1.353143112,0.197305641,-6.858106564,6.98E-12,1.96E-10
ENSG00000167191,2745.747237,-1.749089969,0.337252352,-5.18629436,2.15E-07,3.32E-06
ENSG00000167311,26.90160594,1.32976918,0.410982175,3.23558845,0.001213923,0.007876291
ENSG00000167549,1996.387174,-2.258433179,0.320677668,-7.042689286,1.89E-12,5.73E-11
ENSG00000167552,9310.145191,1.214798323,0.123308201,9.851723646,6.74E-23,5.65E-21
ENSG00000167641,231.6716163,-2.896522096,0.212578532,-13.62565671,2.82E-42,6.68E-40
ENSG00000167642,61.50562275,-2.106041524,0.307599966,-6.846689722,7.56E-12,2.11E-10
ENSG00000167645,624.0690728,-1.128876538,0.152105944,-7.421646451,1.16E-13,4.11E-12
ENSG00000167653,14.92343568,1.971264506,0.698777411,2.821019218,0.004787133,0.025228012
ENSG00000167771,45.61149828,1.463664861,0.301013826,4.862450604,1.16E-06,1.55E-05
ENSG00000167992,251.5437977,1.524280012,0.15415497,9.887971882,4.69E-23,4.05E-21
ENSG00000168062,31.08804949,1.392242739,0.431680005,3.225173097,0.001258965,0.008133394
ENSG00000168079,406.536076,-1.598246375,0.552790222,-2.891234889,0.003837312,0.020913698
ENSG00000168309,159.5269198,-4.835847402,0.331701711,-14.57890399,3.83E-48,1.21E-45
ENSG00000168398,5604.076594,2.107806811,0.285659907,7.37872819,1.60E-13,5.62E-12
ENSG00000168481,21.00397066,-4.758118323,0.804841473,-5.911870204,3.38E-09,6.97E-08
ENSG00000168556,382.0180823,-1.277930362,0.142307257,-8.980078636,2.71E-19,1.69E-17
ENSG00000168621,218.3485147,-1.803286005,0.211721446,-8.517257177,1.63E-17,8.41E-16
ENSG00000168646,316.5379346,-1.140644857,0.160873971,-7.090300854,1.34E-12,4.17E-11
ENSG00000168811,36.08006342,2.071172002,0.394051812,5.256090537,1.47E-07,2.34E-06
ENSG00000168843,69.21287836,1.680234234,0.303852977,5.529760651,3.21E-08,5.73E-07
ENSG00000168918,16.15002215,2.125347851,0.530622679,4.005384497,6.19E-05,0.000575653
ENSG00000168955,50.9718933,-1.142221079,0.426108643,-2.68058651,0.007349327,0.035993521
ENSG00000168994,1328.007266,-1.353638578,0.173904688,-7.783795767,7.04E-15,2.84E-13
ENSG00000169031,44.87130771,-2.149183474,0.384445663,-5.590343918,2.27E-08,4.15E-07
ENSG00000169129,10.24811932,1.934363579,0.692188662,2.794561202,0.00519702,0.027024505
ENSG00000169218,643.1943334,-1.40331653,0.146747943,-9.562768002,1.15E-21,8.94E-20
ENSG00000169271,82.82966953,-2.252732406,0.306284707,-7.355027378,1.91E-13,6.65E-12
ENSG00000169297,9.592910577,3.195917292,0.896538901,3.564727966,0.000364234,0.002779654
ENSG00000169302,37.44175534,1.536740468,0.364389527,4.217301414,2.47E-05,0.000254041
ENSG00000169715,554.1946413,-2.225180243,0.166765251,-13.3431889,1.30E-40,2.78E-38
ENSG00000169738,627.449247,-2.098103277,0.199535687,-10.51492746,7.37E-26,8.10E-24
ENSG00000169744,616.8455462,1.33606556,0.145223182,9.200084589,3.58E-20,2.46E-18
ENSG00000169750,73.67473925,-1.472894248,0.245164289,-6.007784635,1.88E-09,4.02E-08
ENSG00000169855,1727.813306,1.110620478,0.130956352,8.480844669,2.24E-17,1.14E-15
ENSG00000169908,952.8438897,-1.163374447,0.166328259,-6.994448542,2.66E-12,7.92E-11
ENSG00000170214,201.5764125,-4.061946992,0.48923365,-8.302672949,1.02E-16,4.87E-15
ENSG00000170323,8.794764005,-3.705512353,0.921687188,-4.020357885,5.81E-05,0.000543909
ENSG00000170485,287.5259393,-1.146941513,0.158663924,-7.228747944,4.87E-13,1.60E-11
ENSG00000170624,2121.080393,1.137000465,0.112621719,10.0957477,5.77E-24,5.39E-22
ENSG00000170647,28.04885474,1.104187516,0.406109852,2.718938016,0.006549188,0.032633647
ENSG00000170745,81.21284856,-1.049136539,0.286381635,-3.663421155,0.000248869,0.001987641
ENSG00000170775,213.791994,-1.490747302,0.162841971,-9.154564354,5.46E-20,3.64E-18
ENSG00000170873,1487.271863,-1.839053669,0.301859979,-6.092406396,1.11E-09,2.44E-08
ENSG00000170989,241.9282002,1.485078906,0.167995761,8.839978467,9.57E-19,5.60E-17
ENSG00000171033,245.1539554,1.313365503,0.16625591,7.899662045,2.80E-15,1.17E-13
ENSG00000171132,401.5944685,1.201079472,0.130233804,9.222486277,2.90E-20,2.00E-18
ENSG00000171189,62.93965169,-1.921870292,0.390910579,-4.916393655,8.82E-07,1.20E-05
ENSG00000171227,14.63985508,2.23139707,0.583602441,3.82348824,0.000131577,0.001126248
ENSG00000171316,7.606451895,-1.965065411,0.765690067,-2.566397939,0.010276086,0.047053245
ENSG00000171385,119.4925151,-1.450434157,0.293671402,-4.938969708,7.85E-07,1.08E-05
ENSG00000171509,35.21879845,1.771201311,0.438791979,4.036539857,5.42E-05,0.000511992
ENSG00000171617,710.6710759,1.274575816,0.341638739,3.73077076,0.000190895,0.001569135
ENSG00000171724,16.2082591,1.509293116,0.583105602,2.588370118,0.009643131,0.044792453
ENSG00000171793,688.1403153,-1.485685933,0.181614062,-8.180456482,2.83E-16,1.29E-14
ENSG00000171817,33.10247482,1.138267012,0.355463328,3.202206589,0.001363792,0.008707582
ENSG00000171819,254.8843727,-5.081566882,0.757303613,-6.71007875,1.95E-11,5.16E-10
ENSG00000171877,91.15779142,1.28763766,0.254057578,5.068290691,4.01E-07,5.91E-06
ENSG00000172061,231.2773027,2.556615562,0.249337616,10.25362962,1.14E-24,1.12E-22
ENSG00000172137,27.25165359,1.094072435,0.405333262,2.699192338,0.006950799,0.03427463
ENSG00000172156,527.1403284,1.522616593,0.569066418,2.675639512,0.007458682,0.036459723
ENSG00000172260,1335.025989,-1.450050216,0.156257066,-9.279901736,1.70E-20,1.20E-18
ENSG00000172348,543.7918289,1.539209202,0.518140704,2.970639421,0.002971805,0.016870189
ENSG00000172399,18.93013653,-2.441672284,0.552542761,-4.418974339,9.92E-06,0.000111539
ENSG00000172403,8014.781651,-1.744357526,0.103292013,-16.88763222,5.55E-64,3.22E-61
ENSG00000172465,395.2794113,-1.031910106,0.136905933,-7.537365854,4.80E-14,1.76E-12
ENSG00000172497,22.96788132,1.649539525,0.495605846,3.328329433,0.000873685,0.005956131
ENSG00000172602,5.819706822,-2.258597929,0.87279565,-2.587774045,0.009659832,0.044823811
ENSG00000172738,50.83944761,1.812458485,0.322264565,5.624132107,1.86E-08,3.47E-07
ENSG00000172955,31.82026524,-1.040607734,0.354788621,-2.933035821,0.003356652,0.018620736
ENSG00000172986,756.3668291,1.572903674,0.104277445,15.08383402,2.07E-51,8.10E-49
ENSG00000173083,49.71972906,-1.35762952,0.302139045,-4.493393173,7.01E-06,8.16E-05
ENSG00000173110,13.45708776,2.64651501,0.610002362,4.338532401,1.43E-05,0.000155129
ENSG00000173114,60.569959,1.043284395,0.332222795,3.140315506,0.00168766,0.010406657
ENSG00000173221,1983.221558,-1.004286639,0.098181427,-10.22888614,1.47E-24,1.43E-22
ENSG00000173320,81.59397202,1.022669128,0.272748332,3.74949728,0.000177189,0.001466973
ENSG00000173838,47.35245529,-3.902160694,0.410564845,-9.504371225,2.01E-21,1.53E-19
ENSG00000173918,992.6593995,-1.253389028,0.104402158,-12.00539392,3.33E-33,5.17E-31
ENSG00000173947,78.03158529,1.205281264,0.251492412,4.792515417,1.65E-06,2.14E-05
ENSG00000174306,3234.852513,-1.131001399,0.093248731,-12.12886635,7.43E-34,1.24E-31
ENSG00000174437,10584.25427,-1.340048755,0.153443653,-8.733165096,2.48E-18,1.39E-16
ENSG00000174680,14.38888794,-3.026859996,0.674164832,-4.489792186,7.13E-06,8.26E-05
ENSG00000174697,115.9653677,-3.030281583,0.33255008,-9.11225636,8.07E-20,5.34E-18
ENSG00000174808,48.33962414,-1.300241635,0.320246702,-4.060124983,4.90E-05,0.000467576
ENSG00000174944,21.3631705,-1.611013233,0.437764872,-3.68008796,0.000233154,0.00187292
ENSG00000175130,620.1911636,1.123886006,0.118379409,9.493931513,2.22E-21,1.68E-19
ENSG00000175197,434.0052325,1.040168765,0.165973767,6.267067293,3.68E-10,8.52E-09
ENSG00000175471,158.253842,-1.808097516,0.25264049,-7.156800231,8.26E-13,2.64E-11
ENSG00000175489,9.249737284,3.494380428,0.867128531,4.029829839,5.58E-05,0.000525178
ENSG00000175538,105.0564269,1.197130728,0.211684972,5.655246651,1.56E-08,2.92E-07
ENSG00000175741,220.060414,-1.134050851,0.170936359,-6.63434543,3.26E-11,8.44E-10
ENSG00000175928,11.39348569,2.206975616,0.635426024,3.473221955,0.00051425,0.003751318
ENSG00000175946,46.18753858,-1.004611607,0.28770398,-3.491823802,0.000479735,0.003528105
ENSG00000176293,145.1327893,1.148640546,0.182304324,6.300676388,2.96E-10,6.93E-09
ENSG00000176387,16.94093419,2.604931353,0.684148728,3.807551263,0.00014035,0.001190593
ENSG00000176595,31.42712807,-1.184360812,0.386122695,-3.067317274,0.002159895,0.012882152
ENSG00000176771,107.6521791,2.221220578,0.240094828,9.251430365,2.22E-20,1.55E-18
ENSG00000176909,52.45983513,1.097244774,0.277934274,3.94785702,7.89E-05,0.000715402
ENSG00000176928,260.1140606,-1.701942238,0.249732848,-6.815051562,9.42E-12,2.59E-10
ENSG00000176971,2618.730349,-1.234651162,0.157792281,-7.824534621,5.10E-15,2.09E-13
ENSG00000177272,41.52463524,1.329740842,0.408876631,3.252181081,0.00114523,0.007506279
ENSG00000177283,115.0851705,-2.488618248,0.224250071,-11.09751376,1.29E-28,1.68E-26
ENSG00000177453,58.50463806,1.401466391,0.39638922,3.535581493,0.000406879,0.003051973
ENSG00000177570,102.1221051,2.024808869,0.258424655,7.835200054,4.68E-15,1.93E-13
ENSG00000177575,10.10214002,-4.3684925,0.950957696,-4.593782164,4.35E-06,5.27E-05
ENSG00000177606,3149.929223,1.208841363,0.175176799,6.900693281,5.17E-12,1.49E-10
ENSG00000177614,133.1503397,2.570069829,0.255883262,10.04391536,9.77E-24,8.98E-22
ENSG00000177666,1701.23388,-1.100159207,0.102431629,-10.74042478,6.57E-27,7.74E-25
ENSG00000177674,751.3732953,-1.114835755,0.104735233,-10.64432403,1.85E-26,2.10E-24
ENSG00000178015,22.9769593,-2.511738535,0.488613312,-5.140544623,2.74E-07,4.17E-06
ENSG00000178031,1487.728637,1.139690901,0.159148472,7.161180306,8.00E-13,2.56E-11
ENSG00000178038,34.82161064,1.113806698,0.339981705,3.276078334,0.001052594,0.006982928
ENSG00000178184,59.41931245,1.131277542,0.323569245,3.496245572,0.000471854,0.003477247
ENSG00000178662,37.90324723,1.260613223,0.325409167,3.873932732,0.000107093,0.000940817
ENSG00000178695,2649.850149,2.528174561,0.134430124,18.8066074,6.67E-79,7.07E-76
ENSG00000178723,34.49267375,-3.53376004,0.455308762,-7.761238818,8.41E-15,3.38E-13
ENSG00000178734,14.38652872,1.605062157,0.545230925,2.943820834,0.003241876,0.018117905
ENSG00000178878,61.56842238,1.031100171,0.289167228,3.565757356,0.000362807,0.002772288
ENSG00000179082,29.39493851,1.175925335,0.366393873,3.209456873,0.00132986,0.0085181
ENSG00000179094,776.5966655,-3.191749909,0.16396292,-19.46629091,2.12E-84,2.73E-81
ENSG00000179242,58.33717444,-1.31031123,0.309958864,-4.227371375,2.36E-05,0.000244554
ENSG00000179294,38.61098385,-1.039211474,0.31735917,-3.27455947,0.001058269,0.007017992
ENSG00000179300,68.2352103,-3.62303542,0.72502848,-4.997093937,5.82E-07,8.23E-06
ENSG00000179388,47.74401726,1.736490662,0.39922671,4.349635477,1.36E-05,0.00014837
ENSG00000179593,67.24304764,-9.505974812,1.054503241,-9.014647317,1.98E-19,1.25E-17
ENSG00000179820,3784.353835,-1.498141646,0.151004686,-9.921159953,3.37E-23,2.93E-21
ENSG00000179862,55.18430521,-1.412448214,0.314858661,-4.485975418,7.26E-06,8.40E-05
ENSG00000180139,22.23607629,-1.41421468,0.476963166,-2.965039611,0.00302644,0.017115627
ENSG00000180287,29.46472375,-1.914469689,0.489195885,-3.913503255,9.10E-05,0.000811807
ENSG00000180672,133.2478605,-1.27981126,0.278675736,-4.59247468,4.38E-06,5.29E-05
ENSG00000180914,568.7034974,-1.875579072,0.176089534,-10.65128081,1.72E-26,1.96E-24
ENSG00000181061,2420.904283,-1.200515252,0.120149356,-9.991857572,1.65E-23,1.49E-21
ENSG00000181350,38.33101567,1.012504766,0.334095407,3.030585706,0.002440799,0.014301892
ENSG00000181467,630.8741853,1.27269777,0.110021575,11.56771085,6.01E-31,8.32E-29
ENSG00000181634,26.82848642,2.708970495,0.521517137,5.194403607,2.05E-07,3.19E-06
ENSG00000182010,118.3070668,1.882365485,0.264423556,7.118751125,1.09E-12,3.42E-11
ENSG00000182379,20.17809897,1.19052292,0.455680467,2.612626623,0.00898494,0.042236017
ENSG00000182552,978.4068235,-1.114020503,0.117693086,-9.465471086,2.92E-21,2.18E-19
ENSG00000182575,282.9796607,-1.062881329,0.237401899,-4.477139123,7.56E-06,8.73E-05
ENSG00000182580,426.1253016,1.520174949,0.173801821,8.746599679,2.20E-18,1.25E-16
ENSG00000182674,6.47199887,2.685974624,0.959115097,2.800471636,0.005102799,0.026617953
ENSG00000182732,5.224006352,2.699561151,0.98174953,2.749745294,0.00596416,0.030211482
ENSG00000182836,24.84827647,-3.166637677,0.665274894,-4.759893552,1.94E-06,2.50E-05
ENSG00000182985,120.6288566,1.261779352,0.241108284,5.23324761,1.67E-07,2.62E-06
ENSG00000183044,498.6904216,-1.15699755,0.112666703,-10.26920571,9.70E-25,9.66E-23
ENSG00000183092,4.673123821,3.313560477,1.135955791,2.916980134,0.003534383,0.019439106
ENSG00000183160,2987.67072,1.173085923,0.108464325,10.81540794,2.91E-27,3.50E-25
ENSG00000183454,5.804171141,4.26407561,1.166875828,3.654266811,0.000257918,0.002049959
ENSG00000183496,171.5268215,1.714830777,0.195513298,8.770916342,1.77E-18,1.02E-16
ENSG00000183508,90.03600528,2.547311257,0.302180934,8.429755058,3.46E-17,1.71E-15
ENSG00000183570,195.73169,-1.671071032,0.218191544,-7.658734178,1.88E-14,7.17E-13
ENSG00000183696,109.4397292,1.167880763,0.268958174,4.342239343,1.41E-05,0.000152901
ENSG00000183775,75.712015,1.043679024,0.322855536,3.232650239,0.001226476,0.007952015
ENSG00000183801,1368.921905,1.034495701,0.127283813,8.127472578,4.38E-16,1.97E-14
ENSG00000183831,17.93036583,2.013760155,0.584042255,3.44796997,0.000564817,0.004072377
ENSG00000183876,193.7112451,1.686937595,0.191006591,8.831829254,1.03E-18,5.99E-17
ENSG00000184156,16.29141805,-2.407283315,0.590037968,-4.079878665,4.51E-05,0.000433927
ENSG00000184254,560.6873358,1.027949927,0.111876641,9.188244459,3.99E-20,2.73E-18
ENSG00000184307,101.1918179,-1.707747546,0.244873872,-6.973988412,3.08E-12,9.10E-11
ENSG00000184408,50.96158149,1.520517962,0.375916584,4.044828097,5.24E-05,0.00049577
ENSG00000184545,18.66589955,1.667111037,0.564248213,2.954570342,0.003131048,0.017591274
ENSG00000184564,43.21706761,3.191603399,0.454645493,7.019982489,2.22E-12,6.66E-11
ENSG00000184916,28.94639914,1.191706574,0.405399314,2.939587049,0.003286499,0.018327498
ENSG00000184985,66.83866922,-1.182398518,0.256193984,-4.615247007,3.93E-06,4.80E-05
ENSG00000185022,648.3416987,-1.267391327,0.133456178,-9.496685333,2.17E-21,1.64E-19
ENSG00000185052,35.74608733,-1.554353461,0.401859432,-3.867903395,0.000109775,0.000960626
ENSG00000185112,706.0414448,-1.138164847,0.172455049,-6.599776877,4.12E-11,1.06E-09
ENSG00000185274,27.22010482,-1.256119984,0.458892701,-2.737284731,0.006194865,0.031163708
ENSG00000185338,222.262669,1.211694205,0.171252656,7.075476874,1.49E-12,4.60E-11
ENSG00000185432,3885.64924,-2.249366171,0.16436957,-13.68480901,1.25E-42,3.05E-40
ENSG00000185561,169.294258,-1.008568093,0.189550838,-5.320831624,1.03E-07,1.68E-06
ENSG00000185585,1446.122152,1.559133244,0.374360814,4.164787512,3.12E-05,0.000310231
ENSG00000185745,237.7155935,1.664125894,0.181355449,9.176045747,4.47E-20,3.02E-18
ENSG00000185813,468.2537275,-1.116421363,0.117296516,-9.517941384,1.77E-21,1.35E-19
ENSG00000185950,1974.883079,-2.124238233,0.159990381,-13.2772872,3.14E-40,6.49E-38
ENSG00000185972,13.4505961,1.435597548,0.52894415,2.714081529,0.006645981,0.033061859
ENSG00000186198,52.62734942,1.626407687,0.303044053,5.366901851,8.01E-08,1.33E-06
ENSG00000186314,38.56947763,-1.151991706,0.362105572,-3.181369734,0.001465804,0.009234567
ENSG00000186469,277.7481606,1.107711364,0.16139018,6.863561094,6.72E-12,1.89E-10
ENSG00000186575,2624.002233,-1.015798332,0.116115901,-8.748141484,2.17E-18,1.24E-16
ENSG00000186907,44.96686591,1.074065755,0.296815994,3.618624929,0.000296173,0.002317167
ENSG00000186952,67.08742572,1.129672378,0.296312029,3.812441846,0.000137601,0.00117224
ENSG00000187094,24.93539778,-1.342662255,0.505691608,-2.655100922,0.007928468,0.038247696
ENSG00000187193,37.38312224,-3.155799753,0.400516129,-7.879332497,3.29E-15,1.36E-13
ENSG00000187288,22.44480244,-3.606165654,0.616691629,-5.84759949,4.99E-09,1.00E-07
ENSG00000187479,42.87048769,-1.111629335,0.330108886,-3.36746262,0.000758633,0.005285789
ENSG00000187498,2283.83181,-1.31568388,0.120579639,-10.91132706,1.02E-27,1.26E-25
ENSG00000187634,61.96182562,1.631607237,0.357148741,4.568424994,4.91E-06,5.89E-05
ENSG00000187758,692.7148494,-1.158222064,0.159433217,-7.264622058,3.74E-13,1.26E-11
ENSG00000188176,56.14648439,3.250316703,0.383315258,8.479486891,2.26E-17,1.15E-15
ENSG00000188312,76.95488737,1.29624548,0.243494599,5.323508139,1.02E-07,1.66E-06
ENSG00000188501,7.451898339,3.004803594,0.91861101,3.271029369,0.001071568,0.007085324
ENSG00000188536,8.682603442,2.186109816,0.720419082,3.034497381,0.002409368,0.014159165
ENSG00000188596,27.89450753,1.102534246,0.401406361,2.746678561,0.006020211,0.030426971
ENSG00000188916,53.1587228,-1.997084463,0.479339108,-4.166329081,3.10E-05,0.000308312
ENSG00000189007,169.74779,1.089487725,0.203748708,5.347212934,8.93E-08,1.47E-06
ENSG00000189058,471.8729099,-1.05892129,0.136890573,-7.735531134,1.03E-14,4.06E-13
ENSG00000189221,2341.767253,-3.353579944,0.141782349,-23.65301441,1.10E-123,3.96E-120
ENSG00000196155,242.4421292,1.408476258,0.175933788,8.005717809,1.19E-15,5.22E-14
ENSG00000196196,27.96376927,-1.522688094,0.421389939,-3.613489437,0.000302104,0.002358451
ENSG00000196230,7908.129603,1.185491955,0.135621777,8.741162243,2.31E-18,1.31E-16
ENSG00000196476,124.7303612,1.048326956,0.183731609,5.705751794,1.16E-08,2.20E-07
ENSG00000196507,988.8426857,-1.05499649,0.091925495,-11.4766473,1.73E-30,2.38E-28
ENSG00000196511,51.35739308,1.037576114,0.292926036,3.542109569,0.000396941,0.002983761
ENSG00000196517,229.6407427,2.229245441,0.161327084,13.81817231,1.98E-43,5.10E-41
ENSG00000196569,17178.42604,-2.030642282,0.132700385,-15.30245962,7.36E-53,3.32E-50
ENSG00000196616,46331.36573,-1.15467031,0.154512841,-7.472973138,7.84E-14,2.81E-12
ENSG00000196668,20.80427353,1.378804796,0.44706013,3.084159612,0.00204128,0.012305049
ENSG00000196739,439.3847015,1.105615675,0.197246011,5.605262535,2.08E-08,3.83E-07
ENSG00000196850,520.9249378,-1.171728271,0.173485236,-6.754051799,1.44E-11,3.89E-10
ENSG00000196932,68.82898386,2.084590813,0.272409597,7.652413254,1.97E-14,7.51E-13
ENSG00000196950,808.7480175,1.227042715,0.132653406,9.249990256,2.25E-20,1.57E-18
ENSG00000196975,4908.818152,-1.18507402,0.087165099,-13.59574001,4.24E-42,9.93E-40
ENSG00000197046,4.936419978,2.592576392,0.986735245,2.62742859,0.00860329,0.040836163
ENSG00000197210,18.11310724,-1.959200421,0.516979026,-3.78970968,0.000150823,0.001274045
ENSG00000197301,209.3710498,-2.275819847,0.264136807,-8.616064819,6.93E-18,3.68E-16
ENSG00000197312,476.4578903,-1.041302722,0.192544059,-5.408126983,6.37E-08,1.08E-06
ENSG00000197381,1969.048356,-2.321090814,0.135754467,-17.09771224,1.54E-65,9.27E-63
ENSG00000197594,665.0607092,-1.290390583,0.379618379,-3.399178374,0.000675886,0.004783236
ENSG00000197769,134.6453394,-2.450355382,0.272684483,-8.986046284,2.56E-19,1.60E-17
ENSG00000197943,21.53514005,-1.634461501,0.452859062,-3.609205683,0.000307136,0.002389455
ENSG00000198074,13.9661309,1.466025498,0.571282051,2.566202621,0.010281875,0.047067789
ENSG00000198108,41.00219801,-1.433207275,0.312233761,-4.590173952,4.43E-06,5.34E-05
ENSG00000198431,22734.55334,-1.500153443,0.150254171,-9.984105141,1.79E-23,1.60E-21
ENSG00000198542,3506.936566,-1.028546665,0.106389493,-9.667746644,4.13E-22,3.34E-20
ENSG00000198624,2057.191731,-2.918435724,0.161296342,-18.09362626,3.58E-73,3.58E-70
ENSG00000198691,38.64759605,-1.307076632,0.374151464,-3.493442514,0.000476836,0.003509651
ENSG00000198944,13.85681252,1.508604063,0.553356713,2.726277692,0.006405308,0.032025969
ENSG00000198947,1286.096782,-1.014389912,0.116923798,-8.675649679,4.11E-18,2.25E-16
ENSG00000203685,8.00356393,-2.871338498,0.809327325,-3.547808665,0.00038845,0.002933402
ENSG00000203722,56.60080439,1.053601178,0.283735847,3.713317119,0.00020456,0.001668257
ENSG00000203727,322.8183675,1.054098648,0.209639091,5.028158845,4.95E-07,7.11E-06
ENSG00000203805,16.55077654,1.325988546,0.494828546,2.67969291,0.007368973,0.036061543
ENSG00000204103,128.2297138,1.933563697,0.337631121,5.726852701,1.02E-08,1.97E-07
ENSG00000204335,5.19266189,2.642841175,1.010030383,2.616595717,0.008881146,0.041867162
ENSG00000205208,588.2215288,1.358104179,0.168749428,8.048052056,8.41E-16,3.73E-14
ENSG00000205213,387.9180472,1.091696218,0.144045143,7.578847824,3.49E-14,1.29E-12
ENSG00000205364,52.27067838,-2.518149437,0.34861228,-7.223352647,5.07E-13,1.66E-11
ENSG00000205978,1601.046592,1.156474299,0.104823977,11.03253603,2.66E-28,3.45E-26
ENSG00000206052,193.2945542,1.127832523,0.211226153,5.339454911,9.32E-08,1.53E-06
ENSG00000206172,11.12928003,2.474047156,0.658894655,3.754844777,0.000173449,0.00143886
ENSG00000206190,290.8900758,-1.313514167,0.167946994,-7.821004318,5.24E-15,2.14E-13
ENSG00000206538,12754.94768,-1.366220326,0.097961941,-13.94643997,3.31E-44,8.89E-42
ENSG00000206561,35.66174061,1.080985906,0.329766201,3.278037298,0.001045316,0.006939757
ENSG00000211445,12285.61515,-3.730402666,0.165830584,-22.49526338,4.62E-112,1.39E-108
ENSG00000211448,662.6317057,-1.690422089,0.353204747,-4.785955186,1.70E-06,2.21E-05
ENSG00000211574,10.94226839,1.640168049,0.606437848,2.70459381,0.006838796,0.033845033
ENSG00000213160,203.84935,-1.53544116,0.215033204,-7.140484045,9.30E-13,2.95E-11
ENSG00000213402,14.35072045,-1.516938711,0.529694823,-2.863797502,0.004185955,0.022500758
ENSG00000213420,15.87140587,1.506617147,0.492258216,3.060623667,0.002208765,0.013130166
ENSG00000213626,4674.624392,-1.55581041,0.288809159,-5.386984323,7.16E-08,1.20E-06
ENSG00000213639,3975.424751,-1.032652507,0.133448294,-7.738221878,1.01E-14,3.99E-13
ENSG00000213763,32.55398724,-1.285991269,0.356020974,-3.61212221,0.000303701,0.002367846
ENSG00000214212,14.52487755,1.425490428,0.554687514,2.569898169,0.010172841,0.046687278
ENSG00000214274,62.03824096,-1.124903828,0.246216575,-4.568757517,4.91E-06,5.88E-05
ENSG00000214814,243.2769765,3.059419685,0.252710772,12.10640788,9.77E-34,1.59E-31
ENSG00000214944,628.4033187,-1.069394023,0.140605633,-7.605627202,2.84E-14,1.06E-12
ENSG00000215018,6.927643089,-2.43962534,0.81865129,-2.980054353,0.002881972,0.016437917
ENSG00000215386,101.4421506,1.357764923,0.221273712,6.136132989,8.46E-10,1.89E-08
ENSG00000215481,10.29414459,-2.531870464,0.692075352,-3.658373988,0.00025382,0.002022706
ENSG00000219565,5.212341095,-3.878000467,1.150764899,-3.369932877,0.000751865,0.005242687
ENSG00000221866,847.493946,-2.753151919,0.181860565,-15.13880662,8.98E-52,3.85E-49
ENSG00000221869,1963.574299,-1.499829097,0.111243466,-13.4824017,1.99E-41,4.31E-39
ENSG00000221968,1863.014727,-1.004745114,0.109448972,-9.180032459,4.31E-20,2.93E-18
ENSG00000221994,23.38862471,1.02712179,0.39930797,2.572254669,0.010103854,0.046465349
ENSG00000223401,40.27566707,-1.151409984,0.324237053,-3.551136343,0.000383572,0.002905978
ENSG00000223764,25.89162464,1.817545313,0.482558946,3.766473147,0.00016557,0.001381768
ENSG00000223811,5.685020727,3.347139706,1.075588568,3.111914543,0.001858783,0.011341535
ENSG00000223949,17.35412717,1.8459397,0.503079881,3.669277524,0.000243237,0.00194812
ENSG00000224080,9.110170686,-2.342271251,0.731803676,-3.200682541,0.001371025,0.008750665
ENSG00000224124,46.28564937,-1.337991877,0.410072437,-3.262818366,0.001103102,0.007261853
ENSG00000224468,32.1259432,-1.138549893,0.348010866,-3.271592942,0.001069434,0.007073813
ENSG00000225032,38.9915322,-1.083523201,0.386541236,-2.803124476,0.005061013,0.026439355
ENSG00000225313,30.14456232,-1.168631198,0.346337554,-3.374254923,0.000740158,0.005173066
ENSG00000225383,8.273929839,-1.988686182,0.758248405,-2.622737047,0.008722657,0.041283117
ENSG00000225415,565.9419063,1.442317135,0.208703857,6.910831248,4.82E-12,1.39E-10
ENSG00000225783,69.75066344,1.859515457,0.264125629,7.040268931,1.92E-12,5.81E-11
ENSG00000226121,506.828798,-1.244432238,0.20040291,-6.209651538,5.31E-10,1.21E-08
ENSG00000226887,6.367018511,-2.826005905,0.938716461,-3.010500001,0.002608179,0.015100957
ENSG00000226950,220.8174048,-1.131675907,0.178882751,-6.32635568,2.51E-10,5.94E-09
ENSG00000227051,4615.740068,1.151117902,0.082763562,13.90851095,5.62E-44,1.49E-41
ENSG00000227268,22.41193547,1.565180946,0.46433483,3.370802368,0.000749496,0.005228192
ENSG00000229116,12.60654729,1.468204863,0.570826088,2.572070363,0.010109234,0.04647823
ENSG00000229373,7.352737887,-3.070641687,1.112868734,-2.759212828,0.005794079,0.029532591
ENSG00000229474,19.08818867,1.150923529,0.442523479,2.600819129,0.009300147,0.043434436
ENSG00000229644,747.114908,-1.085687126,0.166943299,-6.503328554,7.86E-11,1.95E-09
ENSG00000229647,5.044191749,-3.187509388,1.049370011,-3.037545722,0.002385132,0.014035649
ENSG00000229859,15.22913406,1.442803611,0.54795779,2.63305612,0.008462036,0.040261149
ENSG00000230018,41.51935013,-2.341403217,0.364995384,-6.414884465,1.41E-10,3.40E-09
ENSG00000230417,33.44128822,1.650611575,0.382471326,4.315647906,1.59E-05,0.00017108
ENSG00000231246,5.970386414,-3.476026763,1.008394966,-3.447088573,0.000566663,0.004084052
ENSG00000231574,40.85924531,-1.143878439,0.343100162,-3.33394899,0.000856224,0.005863716
ENSG00000231924,170.4505178,1.073228821,0.200011352,5.36583954,8.06E-08,1.34E-06
ENSG00000233117,77.63183524,-3.388948233,0.314500476,-10.77565376,4.49E-27,5.35E-25
ENSG00000235109,71.42333389,1.721921595,0.295832503,5.820596369,5.86E-09,1.16E-07
ENSG00000235314,18.57398183,-1.14605512,0.447010706,-2.563820294,0.010352713,0.047295939
ENSG00000235513,28.11929643,2.159340868,0.423652069,5.096967595,3.45E-07,5.14E-06
ENSG00000235649,136.7519719,1.113941318,0.200184534,5.564572336,2.63E-08,4.76E-07
ENSG00000235750,113.6137354,-2.355622636,0.392330937,-6.004172533,1.92E-09,4.11E-08
ENSG00000235927,33.18664035,-1.186130229,0.336411721,-3.525829076,0.000422159,0.003147069
ENSG00000237697,126.7945725,-2.02445075,0.199808749,-10.13194245,3.99E-24,3.78E-22
ENSG00000237886,15.67760836,1.511417032,0.580207983,2.604957319,0.009188571,0.04300251
ENSG00000237928,7.32010873,-3.122092064,0.899959812,-3.469146093,0.000522115,0.003805613
ENSG00000239467,29.56446006,1.02528393,0.395511368,2.592299523,0.009533673,0.04436408
ENSG00000240291,21.45988408,-1.126610858,0.415547698,-2.711146908,0.006705091,0.033281634
ENSG00000240445,668.8411591,-1.007458404,0.130507421,-7.719548824,1.17E-14,4.59E-13
ENSG00000240498,22.25030988,1.186611317,0.417189591,2.844297516,0.004450947,0.023783261
ENSG00000240764,29.26395286,1.312374075,0.360518885,3.640236696,0.000272388,0.002146928
ENSG00000240809,30.36333691,-1.079427578,0.369361127,-2.922417924,0.003473251,0.019184325
ENSG00000240859,51.38202604,-1.253531138,0.280695016,-4.465811879,7.98E-06,9.15E-05
ENSG00000241399,676.966428,-1.573916161,0.216125303,-7.282424323,3.28E-13,1.11E-11
ENSG00000241644,683.233677,-1.106762532,0.202851042,-5.456035729,4.87E-08,8.44E-07
ENSG00000242539,168.5467874,-1.030151552,0.173390386,-5.941226472,2.83E-09,5.89E-08
ENSG00000243137,232.2364223,1.131362706,0.332887061,3.398638274,0.000677222,0.004790809
ENSG00000243244,996.1751419,-1.411798038,0.128327359,-11.00153582,3.76E-28,4.80E-26
ENSG00000243742,21.21572813,2.163218076,0.467095792,4.631208653,3.64E-06,4.47E-05
ENSG00000244301,8.081346301,-2.168535418,0.749431416,-2.893574212,0.003808843,0.020764819
ENSG00000244490,75.21318159,-1.155606502,0.244943324,-4.717852623,2.38E-06,3.02E-05
ENSG00000244586,73.61173369,1.058949039,0.322964864,3.278836665,0.001042359,0.006922681
ENSG00000245812,181.2527201,-1.664781137,0.210731754,-7.90000133,2.79E-15,1.17E-13
ENSG00000246273,117.4608086,-1.088747874,0.339764349,-3.204420586,0.001353346,0.008653155
ENSG00000246430,2162.538815,-2.051206972,0.161456466,-12.70439655,5.59E-37,1.01E-34
ENSG00000246763,155.4929413,1.55570688,0.227568744,6.836206286,8.13E-12,2.25E-10
ENSG00000247311,17.56195135,-2.667225052,0.522305134,-5.106641456,3.28E-07,4.89E-06
ENSG00000247317,30.46688578,1.075709873,0.400785142,2.684006371,0.007274572,0.035685608
ENSG00000248144,820.4020938,-1.104243505,0.158258831,-6.977452666,3.01E-12,8.89E-11
ENSG00000248187,7.689438401,-3.496144977,0.959996687,-3.641830253,0.000270707,0.002136483
ENSG00000248869,58.0298142,1.557456145,0.286545058,5.43529229,5.47E-08,9.40E-07
ENSG00000249242,36.78285372,-1.024550167,0.353806217,-2.895794695,0.003781997,0.020637198
ENSG00000249364,8.83906076,-5.098107114,1.159614691,-4.396380239,1.10E-05,0.000122423
ENSG00000250657,4.805707363,3.578425974,1.196035782,2.991905451,0.002772421,0.015929045
ENSG00000250934,4.863688766,-3.337103963,1.078621409,-3.093860308,0.001975705,0.01195776
ENSG00000250978,56.31819393,-6.327382934,0.67779732,-9.335213859,1.01E-20,7.21E-19
ENSG00000253139,15.63834352,-2.249354548,0.558961913,-4.024164249,5.72E-05,0.0005363
ENSG00000253276,738.2239329,-1.147362349,0.156203748,-7.345293333,2.05E-13,7.11E-12
ENSG00000253368,1040.17649,-1.989058832,0.114476718,-17.37522585,1.27E-67,9.16E-65
ENSG00000253540,48.77510526,1.085116279,0.319222163,3.399251073,0.000675707,0.004783236
ENSG00000253833,84.95201123,-1.153135905,0.25095879,-4.594921361,4.33E-06,5.25E-05
ENSG00000254109,48.29080639,-1.010104545,0.32114124,-3.145359174,0.00165883,0.010246419
ENSG00000254254,68.90714273,-1.444850997,0.281660663,-5.129757845,2.90E-07,4.39E-06
ENSG00000254726,47.89523643,2.100216849,0.338547203,6.203616003,5.52E-10,1.26E-08
ENSG00000254842,11.45644643,-2.677769125,0.780942952,-3.428892109,0.00060605,0.004341875
ENSG00000254851,470.694019,-1.099678792,0.155783687,-7.059011187,1.68E-12,5.15E-11
ENSG00000254987,8.695774439,-2.41881257,0.749605157,-3.226782192,0.001251907,0.008102322
ENSG00000256340,37.99593233,1.281979943,0.328188167,3.906234511,9.37E-05,0.000833715
ENSG00000256616,43.91152739,1.073545459,0.315569255,3.401932994,0.00066911,0.004744601
ENSG00000258016,41.52926208,-1.408733537,0.314561397,-4.478405651,7.52E-06,8.69E-05
ENSG00000258412,6.169930167,2.588250382,0.987621734,2.620689981,0.008775202,0.041477333
ENSG00000258457,8.331457952,2.558855964,0.786190625,3.25475258,0.001134912,0.007452202
ENSG00000259319,12.05899799,1.563995631,0.612199111,2.554717253,0.010627409,0.048379143
ENSG00000259426,29.02293286,-1.734917371,0.484973155,-3.577347228,0.000347099,0.002665827
ENSG00000259448,9.618858945,-1.942406095,0.643571372,-3.018167339,0.002543084,0.014814515
ENSG00000259583,69.84365924,1.096252206,0.242068732,4.52868158,5.94E-06,7.00E-05
ENSG00000259660,199.1594029,1.038594158,0.196572977,5.283504235,1.27E-07,2.04E-06
ENSG00000259886,15.97193031,-1.612186331,0.500726064,-3.219697248,0.00128326,0.008263684
ENSG00000260230,44.44775295,1.064081979,0.304786894,3.491232724,0.000480797,0.003533036
ENSG00000260396,17.2763061,-1.582850593,0.495859767,-3.192133539,0.00141226,0.008969371
ENSG00000260455,11.6951096,2.493146619,0.693442747,3.595317178,0.000323997,0.002506557
ENSG00000260802,6.723258965,-4.883228962,1.20015014,-4.068848388,4.72E-05,0.000452808
ENSG00000260807,9.290513058,1.845195605,0.706993109,2.609920212,0.009056334,0.042494018
ENSG00000260841,69.34266987,-1.235968585,0.239841315,-5.153276396,2.56E-07,3.92E-06
ENSG00000260910,26.18498981,-1.367889644,0.535005815,-2.556775282,0.010564744,0.048154708
ENSG00000261121,7.005245936,3.112365833,0.9796544,3.177003882,0.00148805,0.009358357
ENSG00000261425,22.80042362,1.970903411,0.441063122,4.468529136,7.88E-06,9.04E-05
ENSG00000261452,4.682929607,2.695067102,1.043906839,2.581712277,0.009831151,0.045443222
ENSG00000261468,33.18376118,-2.485647313,0.403089236,-6.166493888,6.98E-10,1.58E-08
ENSG00000261490,64.26246222,-1.423279277,0.257273082,-5.532173302,3.16E-08,5.66E-07
ENSG00000261589,78.43145309,-1.201725439,0.322971978,-3.720834999,0.000198565,0.001624034
ENSG00000261597,184.8251224,1.044193961,0.181761526,5.74485693,9.20E-09,1.77E-07
ENSG00000261685,48.44671081,-2.274725946,0.383620199,-5.929630272,3.04E-09,6.30E-08
ENSG00000261827,11.54462523,1.926755308,0.641150241,3.005154151,0.002654463,0.015339356
ENSG00000264868,18.1834296,-4.304137314,0.776539513,-5.542715139,2.98E-08,5.34E-07
ENSG00000266456,9.80830381,1.952906251,0.762676963,2.560594258,0.010449331,0.047676893
ENSG00000267339,26.23357257,4.611551772,0.673094224,6.851272238,7.32E-12,2.05E-10
ENSG00000267480,24.26206068,-2.387872517,0.515662126,-4.63069207,3.64E-06,4.48E-05
ENSG00000267528,18.3335154,2.194156799,0.51368531,4.271402657,1.94E-05,0.000204756
ENSG00000267669,85.66705489,-1.473728132,0.225947063,-6.522448718,6.92E-11,1.73E-09
ENSG00000267683,6.11948605,2.492446068,0.863458484,2.886584722,0.003894479,0.021167638
ENSG00000268894,6.628756345,-4.015685055,1.08281869,-3.708547972,0.000208451,0.001694889
ENSG00000268913,72.85705747,-2.52640299,0.290781195,-8.688330043,3.68E-18,2.03E-16
ENSG00000269289,8.283878523,-3.304205695,0.930427191,-3.551278087,0.000383365,0.002905962
ENSG00000269728,301.7752581,-1.096722643,0.189385519,-5.790953028,7.00E-09,1.38E-07
ENSG00000269959,10.99481552,1.772095047,0.67681337,2.618292022,0.008837114,0.041704328
ENSG00000270093,11.04900392,1.986206455,0.650682923,3.052495132,0.002269474,0.013432471
ENSG00000270605,13.90994207,1.543033023,0.53553608,2.88128677,0.003960551,0.021444816
ENSG00000271930,24.88136975,1.066605576,0.390624229,2.730515664,0.006323533,0.03171977
ENSG00000272168,89.12732083,1.760275462,0.275531827,6.388646579,1.67E-10,4.01E-09
ENSG00000272327,19.75321886,1.585775041,0.493698733,3.212029795,0.001318007,0.008454201
ENSG00000272341,64.56534257,1.486661557,0.263967001,5.631997744,1.78E-08,3.32E-07
ENSG00000272356,22.91380324,-1.192908343,0.431082809,-2.7672371,0.005653362,0.0289546
ENSG00000272744,10.15160467,-1.732708466,0.672350975,-2.577089244,0.009963622,0.045984771
ENSG00000272796,17.64023018,1.654008947,0.487296444,3.394256142,0.000688153,0.004856694
ENSG00000272841,114.9034698,2.017358633,0.240117426,8.401550286,4.41E-17,2.17E-15
ENSG00000272870,130.6361854,-1.051720985,0.181271947,-5.801896008,6.56E-09,1.30E-07
ENSG00000273162,9.986205555,1.620497178,0.620619628,2.611095596,0.009025266,0.042370309
ENSG00000273179,167.9199407,1.522464022,0.206969409,7.355985743,1.90E-13,6.62E-12
ENSG00000273259,8.860664593,-4.095288647,0.95787552,-4.275387108,1.91E-05,0.000201481
